attemp,attemperator
track,tracking
flame detector,flame detector
ring,ring
displaying erratic,displaying erratic
air inlet,air inlet
position trending,position trending
superheater,superheater
lo cooler,lo cooler
coolant,coolant
drum boiler,drum boiler
temperature observed,temperature observed
magnitude,magnitude
predictions,predicted
thrst,thrust
brgs,bearing
burner spread,burner spread
temp tracked,temperature tracking
inlet outlet,inlet outlet
issue,issue
temp tracking predicted,temperature tracking predicted
read estimate,reading estimate
displayed,displaying
pressure values,pressure values
hot air,hot air
oil drain temperature,oil drain temperature
mech adaptation,mechanical adaptation
flow erratic,flow erratic
diff press,difference pressure
reads,reading
lower historical,lower historical
estimate spike estimate,estimate spiking estimate
gas pressure,gas pressure
outlet flow trending,outlet flow trending
discharge flow,discharge flow
prefilter fuel,prefilter fuel
bearing vibration,bearing vibrations
trending model,trending model
condensate,condenser
ctrl,control
temp reading,temperature reading
tower drive,tower drive
gear bearing temp,gear bearing temperature
stator phase,stator phase
fp,fp
temp tag,temperature tag
boiler water,boiler water
flow flatlined,flow flatlined
turb brg,turbine bearing
econ,econ
box,box
de brg,de bearing
temperature remained,temperature remained
brg temp,bearing temperature
temp bearing drain,temperature bearing drain
generator bearing metal,generator bearing metal
dissolved,dissolved
spreads,spread
amplitude,amplitude
temperature decreased,temperature decreased
gt,gt
thrmcpl,thermocouple
gas,gas
concentration,concentration
pump axial,pump axial
lube oil temperature,lube oil temperature
spread exhaust,spread exhaust
air temp,air temperature
driver load,driver load
bearing temperature de,bearing temperature de
vert,vertical
engine,engine
position thrust,position thrust
cndc sample,cndc sample
performance fuel combustion,performance fuel combustion
low values,low values
wheelspace differential,wheelspace differential
values data,values data
injection flow,injection flow
rr notification,rr notification
bearing trending,bearing trending
shell,shell
fw pmp axial probe,fw pump axial probe
oil tank,oil tank
adaptation fuel,adaptation fuel
vibrations model,vibration model
turbine generator,turbine generator
temp avg,temperature average
stator coil,stator coil
pressure stepped,pressure stepped
trending model estimate,trending model estimate
press range,pressure range
content,content
stator winding,stator wind
motor ob bearing temp,motor ob bearing temperature
nde bearing temp,nde bearing temperature
turbine brg,turbine bearing
combustion wheelspace mechanical,combustion wheelspace mechanical
filters,filter
brg vib seis,bearing vibration seismic
lines,lined
temp tracking accurately,temperature tracking accurately
performance exhaust,performance exhaust
wheelsp,wheelspace
hydrogen pressure,hydrogen pressure
wheelspace st,wheelspace st
data issue,data issue
creating,creating
fuel combustion,fuel combustion
bearing temperature,bearing temperature
inline,inline
hot,hot
average,average
downwards,downward
core,core
persists issue persists,persists issue persists
sample,sample
temperature trending model,temperature trending model
cavity,cavity
intermittently,intermittently
drive generator bearing temp,drive generator bearing temperature
sensor issue,sensor issue
unit run bearing,unit run bearing
stg outer,stage outer
displaying,displaying
oil,oil
run bearing,run bearing
intercooler coolant pressure,intercooler coolant pressure
tcaphoss,tcaphoss
position reading,position reading
brg vib prox,bearing vibration prox
pressure tag,pressure tag
model ip,model ip
gen bearing temp,generator bearing temperature
exciter,exciter
increase model,increase model
reading,reading
inlet flow,inlet flow
gt bearing,gt bearing
co,co
motor,motor
drive generator bearing temperature,drive generator bearing temperature
pressure tracking,pressure tracking
estimate spike,estimate spiking
sh,sh
motor stator,motor stator
fan,fan
bearing vibrations decreased,bearing vibration decreased
bearing oil drain temperature,bearing oil drain temperature
adaptation combustion,adaptation combustion
model gas tag,model gas tag
pressure dropped,pressure dropped
temp increase,temperature increase
srv,srv
vertical,vertical
exhaust steam,exhaust steam
instrumentation,instrument
radial bearing,radial bearing
cyl,cylinder
pressure steam tag,pressure steam tag
oscillating,oscillating
temperature increases,temperature increase
sensor flatlined,sensor flatlined
oil outlet,oil outlet
dif,differential
estimate nde,estimate nde
nde brg,nde bearing
pump motor,pump motor
pressure tracking model,pressure tracking model
transmitters,transmitter
curtailment,curtailed
oil press,oil pressure
tracking estimate,tracking estimate
gearbox bearing,gearbox bearing
jacket,jacket
instrument,instrument
decreasing,decreased
reaching,reaching
temperature values,temperature values
exhaust temperature spread,exhaust temperature spread
jumped,jumped
trending,trending
rd outer,rd outer
temp range stripe,temperature range stripe
stg,stage
drum reading,drum reading
drain temps,drain temperature
flatlines,flatlined
restarted,restart
waterbox,waterbox
biased,biased
inlet,inlet
tag model,tag model
vibrations erratic,vibration erratic
valve position,valve position
scrubber,scrubber
tag hrsg,tag hrsg
oilftl,oil filter
stack,stack
model turbine,model turbine
stopped data,stopped data
inlet gas,inlet gas
crankcase pressure,crankcase pressure
intercooler outlet temperature,intercooler outlet temperature
device,device
fuel pressure,fuel pressure
compressor outlet,compressor outlet
drum fw,drum fw
spread,spread
nde,nde
vibrations trending model,vibration trending model
rotor vibr exciter,rotor vibration exciter
elevated vibrations,elevated vibration
evaporator,evaporator
reading model prediction,reading model predicted
monitor,monitor
decreased,decreased
ip,ip
low speed,low speed
motor ob,motor ob
lp drum,lp drum
pump discharge,pump discharge
circ,circ
estimate tracking,estimate tracking
bearing metal temps,bearing metal temperature
cav,cavity
htwell,hotwell
axial probe,axial probe
pressure low,pressure low
separator,separator
model predictions,model predicted
turbine temperature,turbine temperature
cleared closing,cleared closing
steam silica,steam silica
flatlined data,flatlined data
probe reading,probe reading
temperature flatlined,temperature flatlined
cation,cation
faulted data,faulted data
exhaust spreads,exhaust spread
gtdl,gtdl
range values,range values
steam tag,steam tag
leak,leak
wsao,wsao
ib brg temp,ib bearing temperature
temperature increasing,temperature increase
trips,trip
vibs,vibration
gas differential pressure,gas differential pressure
delta,delta
driver thrust bearing,driver thrust bearing
noise,noise
persisted,persists
smart signal,smart signal
inlet press,inlet pressure
cooling,cooling
cond pump,conductivity pump
db,db
cold gas,cold gas
st,st
slot,slot
transducer,transducer
track model,tracking model
peak,peak
exceeding,exceeded
ambient temps,ambient temperature
cooler,cooler
decreased values,decreased values
burner fuel gas,burner fuel gas
pulverizer,pulverizer
dp increasing,dp increase
lower ambient,lower ambient
cylinders,cylinder
flatline,flatlined
positive,position
brg decreased,bearing decreased
prox brg,prox bearing
ft,ft
valves,valve
spread decreased,spread decreased
collector,collector
unit restarted,unit restart
control,control
thermocouples,thermocouple
pmp,pump
differential,differential
temp ti,temperature ti
residuals,residuals
temperature ambient,temperature ambient
bearing temps,bearing temperature
operations,operational
vibrations elevated,vibration elevated
brg vib,bearing vibration
motor stator temperature,motor stator temperature
atemperators,attemperator
generator de bearing temperature,generator de bearing temperature
exhaust temp spread,exhaust temperature spread
periods,periods
brgy,bearing
nox,nox
advisories,advisory
demand,demand
sh steam,sh steam
trip,trip
stepped low,stepped low
erratic,erratic
gas tag hrsg,gas tag hrsg
temp start,temperature start
reading nans,reading nans
drains,drain
inactive,inactive
vibration tags,vibrations tag
intercooler,intercooler
duct pressure,duct pressure
winding,wind
decreased low,decreased low
mech,mechanical
teg,teg
sensors,sensor
hotwell,hotwell
axial position trending,axial position trending
dsh,dsh
suction temp,suction temperature
strainer dp,strainer dp
condensate pump,condenser pump
air flow,air flow
position model,position model
estimate increase,estimate increase
tc,thermocouple
thrust brg mtl,thrust bearing metal
axial positions,axial position
flow hrsg,flow hrsg
counts,counts
flow stepped,flow stepped
swinging,swinging
flatlined tags,flatlined tag
bed,bed
disch,discharge
reheat,reheat
persists condition persists,persists condition persists
steadily increasing,steadily increase
downward,downward
wind speed,wind speed
chiller,chiller
increase,increase
estimate,estimate
de seal outlet,de seal outlet
cooler water flow,cooler water flow
pumps,pump
delete,delete
ws,wheelspace
street,street
spiking low,spiking low
outlet temps,outlet temperature
motor ib,motor ib
vibration bearing,vibrations bearing
fw pump,fw pump
bfpt,bfpt
bleed,bleed
cooling air,cooling air
overlay,overlay
duplicate,duplicate
process,process
fan ib brg,fan ib bearing
disc cavity,disc cavity
water injection,water injection
start bearing,start bearing
nacelle,nacelle
threshold,threshold
phase winding,phase wind
vibration increasing,vibrations increase
smart,smart
persists issue,persists issue
monitoring,monitor
compressor inlet pressure,compressor inlet pressure
readings,reading
bearing decreased,bearing decreased
deviations,deviation
removed,removed
temp increases,temperature increase
avg,average
temperatures,temperature
peaked,peak
lower model estimate,lower model estimate
inactive thrust bearing,inactive thrust bearing
bfp suction,bfp suction
gas dp,gas dp
air compressor,air compressor
vibrations start,vibration start
inlet gas press,inlet gas pressure
seal gas filter,seal gas filter
estimate de,estimate de
temp thrust,temperature thrust
generator bearing temp,generator bearing temperature
opposite,opposite
generator drive,generator drive
de seal dp,de seal dp
settling,settling
drifting,drifting
spiking,spiking
temperature sensor,temperature sensor
drum boiler water,drum boiler water
vigv,vigv
bfp,bfp
crankkshaft,crankshaft
fluctuating,fluctuating
detectors,detector
brg temps,bearing temperature
rising,rising
gen temp,generator temperature
hydrogen gas pressure,hydrogen gas pressure
st brg vib,st bearing vibration
trending de,trending de
temp exhaust temp,temperature exhaust temperature
gas outlet temp,gas outlet temperature
blowdown silica ip,blowdown silica ip
tracking model estimate,tracking model estimate
electrical,electrical
vib,vibration
nde seal outlet flow,nde seal outlet flow
gear bearing,gear bearing
turbine power,turbine power
trending model prediction,trending model predicted
detector,detector
model tag,model tag
tunnel,tunnel
thrust brg,thrust bearing
bowl dp,bowl dp
predicts,predicted
wheel temp tracking,wheel temperature tracking
delta temperature,delta temperature
fwp,fw pump
temps tracking model,temperature tracking model
hotter,hotter
low lower,low lower
stack temp,stack temperature
ho,ho
drive,drive
lube oil temp,lube oil temperature
wind turbines,wind turbine
gen slipring bearing vib,generator slipring bearing vibration
trend model,trending model
model electrical,model electrical
wind turbine curtailed,wind turbine curtailed
tag flatlined,tag flatlined
reaches,reaching
pos,position
cooler temperature,cooler temperature
cyclewatch,cyclewatch
gross load,gross load
wind speed curtailment,wind speed curtailed
desup,desuperheater
stopped,stopped
gearbox oil,gearbox oil
spiked,spiking
brg mtl temp,bearing metal temperature
temp reading erratically,temperature reading erratic
receiving,receiving
journal bearing temperature,journal bearing temperature
position sensor,position sensor
dropped low,dropped low
air delta,air delta
fan ib,fan ib
phases,phase
run exhaust,run exhaust
observed temperature,observed temperature
iprc actioned,iprc actioned
model estimate spike,model estimate spiking
vibr exciter,vibration exciter
model,model
flow,flow
coupling,coupling
reading model,reading model
poor tracking,poor tracking
horizontal,horizontal
ip fw flow,ip fw flow
cooler outlet,cooler outlet
wheelspace adaptation,wheelspace adaptation
intensity,intensity
mechanical,mechanical
hrsg outlet,hrsg outlet
temperature lube,temperature lube
turb thrust,turbine thrust
steam pressure,steam pressure
unstable,unstable
temp model estimate,temperature model estimate
remained steady,remained steady
decreased lower,decreased lower
ob,ob
combustion performance,combustion performance
drive generator,drive generator
starts,start
training,train
temperature spiked,temperature spiking
blade,blade
towers,tower
exhibited,exhibit
holding,hold
drum ip,drum ip
ob bearing,ob bearing
position decreased,position decreased
fi,fi
condenser backpressure,condenser backpressure
sh dsh outlet temperature,sh dsh outlet temperature
vibrations,vibration
machine,machine
temp track,temperature tracking
reading stepped,reading stepped
buffer gas,buffer gas
gt load,gt load
flatlined,flatlined
duct burner,duct burner
producing,producing
dropped,dropped
post,post
temperature periods,temperature periods
bearing vib,bearing vibration
dsh outlet,dsh outlet
boiler,boiler
exhaust gas,exhaust gas
gas temperature,gas temperature
magnetic,magnetic
motor stator temps,motor stator temperature
condition persisted,condition persists
motor winding temperature,motor wind temperature
models,model
reading tracking,reading tracking
exceeded model estimate,exceeded model estimate
vibrations tracking,vibration tracking
inactive thrust,inactive thrust
model mech,model mechanical
hrsg drum sample,hrsg drum sample
vibe,vibes
condition,condition
repair,repaired
turbine outlet temp,turbine outlet temperature
duct burner outlet,duct burner outlet
start exhaust,start exhaust
airflow,airflow
temp brg,temperature bearing
signal,signal
ambient temp,ambient temperature
sensor tracking,sensor tracking
spikes,spiking
drum decreased,drum decreased
behaviour,behaviour
perf adaptation,performance adaptation
remained,remained
temperature spread,temperature spread
slowly,slowly
ranges,range
estimates,estimate
truck,truck
model mechanical tag,model mechanical tag
gt exhaust,gt exhaust
hdr,header
exhaust temp exhaust,exhaust temperature exhaust
agb,agb
bearing oil drain,bearing oil drain
generator de,generator de
turbine temperature wheelspace,turbine temperature wheelspace
restart,restart
oil filter dp,oil filter dp
flame,flame
reactive,reactive
outlet,outlet
gas temp,gas temperature
estimate turbine,estimate turbine
temperature tags,temperature tag
notification,notification
nde seal outlet,nde seal outlet
elevated bearing,elevated bearing
flame scanner,flame scanner
generator temp,generator temperature
inboard,inboard
mtl,metal
cond,conductivity
rear gen bearing,rear generator bearing
thrust bearing metal,thrust bearing metal
tracking low,tracking low
compressor bearing,compressor bearing
flow reading,flow reading
vibrations bearing vibrations,vibration bearing vibration
cell,cell
fuel gas temperature,fuel gas temperature
de bearing temperature,de bearing temperature
suction discharge,suction discharge
mt,motor
trained faulted,train faulted
bearing,bearing
tracked predicted,tracking predicted
load,load
watch,watch
vibrations bearing,vibration bearing
prox,prox
temp model predicted,temperature model predicted
probe,probe
temperature nde exceeded,temperature nde exceeded
ib bearing,ib bearing
nde vibrations,nde vibration
perf tag,performance tag
vacuum,vacuum
dp trending,dp trending
oxygen,oxygen
chemistry,chemistry
air pressure,air pressure
hrsg stack,hrsg stack
LO,Lube oil
wheelspace temps,wheelspace temperature
compressor outlet temp,compressor outlet temperature
hrsg bfp,hrsg bfp
ws fi,wheelspace fi
flow dropped,flow dropped
temp gradually,temperature gradually
lube oil filter dp,lube oil filter dp
turbine outlet,turbine outlet
read,reading
op,op
estimate rear gen,estimate rear generator
comb,comb
turbines,turbine
hrsg lp,hrsg lp
temp low,temperature low
cycle,cycle
mechaincal,mechanical
temp tracking model,temperature tracking model
fuel,fuel
hrsg ip,hrsg ip
projected,projected
pressure,pressure
variations,variation
erratic spiking,erratic spiking
air outlet,air outlet
outer,outer
inlet temp,inlet temperature
vibration issues,vibrations issue
smartsignal,smartsignal
ranged,range
pump de,pump de
rear strut,rear strut
motor ib brg,motor ib bearing
performance,performance
lo pressure,lo pressure
thrust bearing,thrust bearing
control valve,control valve
journal bearing,journal bearing
peaks,peak
model pressure,model pressure
cylinder exhaust temperature,cylinder exhaust temperature
damper,damper
values exhaust,values exhaust
gear,gear
vib seis,vibration seismic
gradually decreasing,gradually decreased
fuel flow,fuel flow
deviated,deviation
valve,valve
decreased bearing,decreased bearing
data model,data model
low,low
elevated,elevated
cooling water,cooling water
low model,low model
winding temp,wind temperature
vib prox brg,vibration prox bearing
temp bearing,temperature bearing
st bearing,st bearing
temperature dropped,temperature dropped
de seal outlet flow,de seal outlet flow
temp,temperature
spike estimate,spiking estimate
nans,nans
estimate temperature,estimate temperature
filter dp,filter dp
bearing metal,bearing metal
generator speed,generator speed
tags model,tag model
temp decreased,temperature decreased
wtr,water
temp values,temperature values
priority notification,priority notification
fan ob,fan ob
improved,improved
motor ib bearing,motor ib bearing
lo,lo
de bearing,de bearing
start turbine,start turbine
pump thrust,pump thrust
decreases,decreased
range,range
de seal,de seal
gross,gross
filter diff,filter difference
ip hrsg drum sample,ip hrsg drum sample
thrust position,thrust position
model perf tag,model performance tag
ramp,ramp
model combustor,model combustor
fit,fit
exciter brg,exciter bearing
atemp,attemperator
vibrations increase,vibration increase
vibrations spiked,vibration spiking
temperature model estimate,temperature model estimate
unit restart,unit restart
bank,bank
range train,range train
cation conductivity,cation conductivity
temperature issues,temperature issue
tracking predicted,tracking predicted
ti,ti
fwh,fwh
seal pressure,seal pressure
current,current
sensor,sensor
brg vibrations,bearing vibration
ib ob,ib ob
lube oil,lube oil
gas spread,gas spread
pump bearing,pump bearing
conditions,condition
load decreased,load decreased
lo temperature,lo temperature
winding temperature,wind temperature
lp steam flow,lp steam flow
nde vibration,nde vibrations
ib bearing temp,ib bearing temperature
scavenge,scavenge
bias,bias
baseline,baseline
turb temp,turbine temperature
bearing temp tracking,bearing temperature tracking
closing,closing
generator stator,generator stator
temps reading,temperature reading
attemperation,attemperator
repaired,repaired
mech model,mechanical model
ip steam,ip steam
power,power
trucks,truck
model issue,model issue
gradual,gradually
tracking accurately,tracking accurately
motor temp,motor temperature
apparent,apparent
da,da
tracking model,tracking model
vibration stepped,vibrations stepped
lower predicted,lower predicted
sodium,sodium
outlet flow,outlet flow
wind turbine,wind turbine
ob brg,ob bearing
estimate thrust,estimate thrust
elevated model,elevated model
stripe,stripe
turbine curtailed,turbine curtailed
datafeed,datafeed
dp decreased,dp decreased
temp diff,temperature difference
ip hrsg drum,ip hrsg drum
addressed,addressed
adaptation fuel adaptation,adaptation fuel adaptation
drum pressure,drum pressure
turbine exhaust pressure,turbine exhaust pressure
bearing lube,bearing lube
lp vib,lp vibration
max,maximum
turbine bearing,turbine bearing
gas inlet,gas inlet
chip detectors,chip detector
ib,ib
turbine bearing vibrations,turbine bearing vibration
ip blowdown,ip blowdown
temp estimate,temperature estimate
estimate ambient,estimate ambient
delta press,delta pressure
pressure gradually,pressure gradually
temperature de,temperature de
seal oil,seal oil
risen,risen
condenser,condenser
temp tracks,temperature tracking
sump,sump
ob brg temp,ob bearing temperature
phase current,phase current
bearing tunnel,bearing tunnel
condition persists,condition persists
sensor reading,sensor reading
fuel pressure fuel,fuel pressure fuel
ob brg vib,ob bearing vibration
gt vibration,gt vibrations
temp reading lower,temperature reading lower
de vibrations,de vibration
coil,coil
transmitter,transmitter
lube oil filter,lube oil filter
curtailed,curtailed
vibration readings,vibrations reading
axial position,axial position
dropping low,dropped low
air temperature,air temperature
nde bearing temperature,nde bearing temperature
temps decreased,temperature decreased
pump ib,pump ib
pressure elevated,pressure elevated
silica,silica
press range train,pressure range train
drain temperature,drain temperature
fluid,fluid
bearing temperature model,bearing temperature model
tank,tank
temp model,temperature model
bearing reads,bearing reading
drum sample,drum sample
gearbox oil temperature,gearbox oil temperature
thrust bearing inactive,thrust bearing inactive
tmp,temperature
mtl temps,metal temperature
metal temperature,metal temperature
stepped model,stepped model
hottest,hottest
condct,conductivity
wheelspace temp,wheelspace temperature
turbine curtailed wind,turbine curtailed wind
ip blowdown silica,ip blowdown silica
circ water,circ water
bearing temperature reading,bearing temperature reading
outlet temp,outlet temperature
temp motor,temperature motor
strainer,strainer
fd,fd
trending values,trending values
cndsr,condenser
saturated,saturated
analyzer,analyzer
spread tracking,spread tracking
power turbine,power turbine
fcv,fcv
thermocouple,thermocouple
fuel gas temp,fuel gas temperature
horiz,horizontal
gearbox bearing temp,gearbox bearing temperature
axial position sensor,axial position sensor
burner fuel,burner fuel
nde bearing,nde bearing
reading lower model,reading lower model
driver,driver
increasing model,increase model
curtailment cleared,curtailed cleared
data trained,data train
server,server
temperature nde,temperature nde
bearing vibrations,bearing vibration
low estimate,low estimate
iprc,iprc
values low,values low
preturbine,preturbine
fuel gas flow,fuel gas flow
rear gear bearing temp,rear gear bearing temperature
metal,metal
lpt,lpt
suction,suction
periodically,periods
rh,rh
bottom,bottom
turbine speed,turbine speed
temps track,temperature tracking
faulted,faulted
water jacket inlet pressure,water jacket inlet pressure
agb chip detector,agb chip detector
o2,oxygen
lvl,level
tag hrsg inlet,tag hrsg inlet
backpressure,backpressure
current reading,current reading
fluid coupling,fluid coupling
pressure core,pressure core
exhibit,exhibit
hrsg inlet gas,hrsg inlet gas
mill motor,mill motor
spread increase,spread increase
oil temp,oil temperature
vars,vars
reads bearing,reading bearing
intake,intake
cooler oil,cooler oil
pressure model,pressure model
temp spiking,temperature spiking
instances,instances
oil cooler outlet,oil cooler outlet
tracking bearing,tracking bearing
fan vibrations,fan vibration
recirc,recirc
reading low,reading low
tags data,tag data
turbine,turbine
bearing tracking,bearing tracking
rot gen,rotor generator
comparing,comparing
rot,rotor
rear gen bearing temp,rear generator bearing temperature
bearing drain temp,bearing drain temperature
pmp axial probe,pump axial probe
issue persists,issue persists
suction temperature,suction temperature
heater,heater
thrust,thrust
incident,incidents
seal gas,seal gas
bearings,bearing
fluctuate,fluctuating
par,par
generator bearing temperature,generator bearing temperature
conductivity,conductivity
turbo,turbo
spec conductivity,spec conductivity
flow range,flow range
bearing vibes,bearing vibes
core fuel pressure,core fuel pressure
deviating,deviation
tripped,trip
dropping,dropped
rose,rose
driving,drive
piston,piston
reading bearing,reading bearing
rr,rr
duct,duct
compressor speed,compressor speed
pcwu,pcwu
inactive metal,inactive metal
alarms,alarm
gen rot,generator rotor
exhaust tc,exhaust thermocouple
coal,coal
shot,shot
drum spec,drum spec
water injection flow,water injection flow
temp stepped,temperature stepped
inho,inho
gen bearing,generator bearing
silica ip,silica ip
compressor performance,compressor performance
injection,injection
positions,position
temp turbine,temperature turbine
shaft vibration,shaft vibrations
temperature increase,temperature increase
combustion monitor spread,combustion monitor spread
filter dp trending,filter dp trending
drum spec cndc,drum spec cndc
tp,tp
proximity,proximity
decaying,decaying
unit start,unit start
delta temp,delta temperature
flue gas,flue gas
spread traced,spread traced
lagging,lagging
accurately,accurately
calibration,calibration
priority,priority
compressor discharge,compressor discharge
temp tracking lower,temperature tracking lower
exhaust thermocouple,exhaust thermocouple
model perf,model performance
steam cat,steam cat
bearing temp decreased,bearing temperature decreased
load increase,load increase
decrease,decreased
values model,values model
failing,failing
seal,seal
drain,drain
water temperature,water temperature
tracked model,tracking model
range train data,range train data
hrsg temp,hrsg temperature
lower,lower
values,values
bearing position,bearing position
motor winding temp,motor wind temperature
tc reading,thermocouple reading
twice,twice
metal temp,metal temperature
range train pressure,range train pressure
reading lower,reading lower
coldest,coldest
pedestal,pedestal
trended,trending
feed,feed
pulsation,pulsation
burner,burner
dates,dates
gearbox oil temp,gearbox oil temperature
speed,speed
seal outlet flow,seal outlet flow
deviation,deviation
data trained model,data train model
pretty,pretty
turb,turbine
velocity,velocity
air filter,air filter
tags,tag
tube,tube
erratic values,erratic values
performance model,performance model
plant,plant
vibrations reading,vibration reading
temp flatlined,temperature flatlined
pressure lower,pressure lower
actioned,actioned
shaft vibrations,shaft vibration
cold,cold
brg axial,bearing axial
drum press,drum pressure
fuel pressure core,fuel pressure core
duct burner spread,duct burner spread
preheater,preheater
voltage,volts
read erratically,reading erratic
brg vibration,bearing vibrations
thermal,thermal
duct firing,duct firing
wheel fi,wheel fi
fans,fan
erratic readings,erratic reading
baseload,baseload
bearing temp model,bearing temperature model
vibr,vibration
pump ob,pump ob
steam flow,steam flow
fi temp,fi temperature
oil cooler,oil cooler
exhaust tc reading,exhaust thermocouple reading
silica ip blowdown,silica ip blowdown
sensor repaired,sensor repaired
vibration,vibrations
thrust bearing temperature,thrust bearing temperature
brgx,bearing
temperature model,temperature model
stepped,stepped
positive residuals,position residuals
booster,booster
chart,charts
outlet pressure,outlet pressure
correlates,correlates
performance tag,performance tag
pressure fuel,pressure fuel
firing,firing
conduct,conductivity
vibes,vibes
fr,fr
restart bearing,restart bearing
journal,journal
pressure core fuel,pressure core fuel
exhaust spread,exhaust spread
fw flow,fw flow
purity,purity
temperature differential,temperature differential
flow model,flow model
combustion wheelspace,combustion wheelspace
speed curtailment cleared,speed curtailed cleared
prox brg vib,prox bearing vibration
trending upward,trending upward
seal oil pressure,seal oil pressure
model fuel,model fuel
winding temps,wind temperature
gen,generator
inlet filter,inlet filter
combustor,combustor
unchanged,unchanged
center,center
alerts,alerting
temperature low,temperature low
fw,fw
shifts,shifted
drum cond,drum conductivity
temp predicted,temperature predicted
curtailed wind speed,curtailed wind speed
temperature trending,temperature trending
turbine thrust,turbine thrust
spec cndc sample,spec cndc sample
vibrations increasing,vibration increase
steady,steady
posting,post
gt vibration sensor,gt vibrations sensor
performance fuel,performance fuel
driver thrust,driver thrust
stepped estimate,stepped estimate
casing vibrations,casing vibration
filter diff press,filter difference pressure
bearing lube oil,bearing lube oil
exhaust,exhaust
vibrations decreased,vibration decreased
blowdown silica,blowdown silica
flow decreased,flow decreased
bearing increase,bearing increase
gen brg,generator bearing
model performance tag,model performance tag
exceeded model,exceeded model
temperature tracking model,temperature tracking model
fluctuation,fluctuating
filter,filter
temp range train,temperature range train
increases,increase
trained,train
press,pressure
de nde,de nde
reading flatlined,reading flatlined
pump,pump
slipring bearing,slipring bearing
attemperator spray flow,attemperator spray flow
cooling tower,cooling tower
metal temp bearing,metal temperature bearing
downhole,downhole
alarm,alarm
pump ob brg,pump ob bearing
ob bearing temp,ob bearing temperature
hot gas,hot gas
fg,fg
acceleration,acceleration
bearing hotter,bearing hotter
low model estimate,low model estimate
thrust bearing temps,thrust bearing temperature
lube oil cooler,lube oil cooler
inner,inner
oil temperature,oil temperature
lcv,lcv
probe sample,probe sample
duct burner fuel,duct burner fuel
drum tracking,drum tracking
position shifted,position shifted
stator,stator
gas tag,gas tag
mapped,mapped
vib sensor,vibration sensor
fd fan,fd fan
suction pressure,suction pressure
suction strainer dp,suction strainer dp
slowly increasing,slowly increase
investigation,investigation
current conditions,current condition
water jacket,water jacket
wheel temp,wheel temperature
prediction,predicted
core fuel,core fuel
drive generator bearing,drive generator bearing
bearing temp trending,bearing temperature trending
trending nde,trending nde
temp erratic,temperature erratic
motor ob bearing,motor ob bearing
turbine bearing tunnel,turbine bearing tunnel
wheelspace,wheelspace
gas filter,gas filter
barometric,barometric
ip fw,ip fw
rear gen,rear generator
nde brg vib,nde bearing vibration
slipring,slipring
gt turb,gt turbine
remained elevated,remained elevated
inlet air,inlet air
thrust bearing axial position,thrust bearing axial position
strut pressure,strut pressure
temps model,temperature model
gt vibration transducer,gt vibrations transducer
increase bearing,increase bearing
closed,closing
perf,performance
historical data,historical data
streets,street
vib prox,vibration prox
thrust bearing axial,thrust bearing axial
inlet temperature,inlet temperature
reading erratic,reading erratic
unit,unit
cylinder exhaust,cylinder exhaust
cylilnders,cylinders
reservoir,reservoir
bearing vibrations trending,bearing vibration trending
gearbox,gearbox
tracking erratically,tracking erratic
advisory,advisory
inboard vibration,inboard vibrations
shield,shield
thresholds,threshold
hrsg drum,hrsg drum
air,air
vibration spiked,vibrations spiking
diff,difference
mol,mol
startups,startup
gradually,gradually
exhaust duct pressure,exhaust duct pressure
bearing metal temperature,bearing metal temperature
displacement,displacement
ranging,range
axial displacement,axial displacement
model tracking,model tracking
fpt,fpt
bearing drain,bearing drain
drum differential,drum differential
controller,control
exhaust temperature,exhaust temperature
bearing axial,bearing axial
pump ib brg,pump ib bearing
blowdown,blowdown
trained faulted data,train faulted data
cat,cat
fluctuations,fluctuating
condition cleared,condition cleared
vibr exciter brg,vibration exciter bearing
data,data
operational,operational
stator temperature,stator temperature
temp pump,temperature pump
temp exhaust,temperature exhaust
tags flatlined,tag flatlined
mark,mark
temperature bearing,temperature bearing
bdm,bdm
axial,axial
hydrogen,hydrogen
bearing inactive,bearing inactive
seal outlet,seal outlet
temps increase,temperature increase
vib brg,vibration bearing
wheelspace rd,wheelspace rd
assets,asset
motor current,motor current
vibration brg,vibrations bearing
gas press,gas pressure
exhaust temp,exhaust temperature
erratic reading,erratic reading
asset,asset
coal flow,coal flow
amp,amp
cooler outlet temperature,cooler outlet temperature
correct,correct
fuel gas pressure,fuel gas pressure
drum water,drum water
wo,wo
cylinder,cylinder
de bearing vibrations,de bearing vibration
inactivated,inactivated
hold,hold
chem,chemistry
model prediction,model predicted
colder,colder
model estimate,model estimate
correlate,correlates
fuel gas press,fuel gas pressure
spec,spec
ammonia,ammonia
vibrations steady,vibration steady
generator,generator
discharge temperature,discharge temperature
motor nde,motor nde
occurring,occurring
correlation,correlates
ib brg,ib bearing
alternator,alternator
temperature spiking,temperature spiking
tags tracking,tag tracking
bearing temperature nde,bearing temperature nde
persists,persists
temp range values,temperature range values
reading estimate,reading estimate
speeds,speed
issue persists issue,issue persists issue
igv,igv
suction flow,suction flow
temperature wheelspace,temperature wheelspace
temperature sensors,temperature sensor
nde exceeded,nde exceeded
prehtr,preheater
rd,rd
fw pmp,fw pump
air delta press,air delta pressure
recycle,recycle
inboard bearing,inboard bearing
wheelspace outer,wheelspace outer
starts bearing,start bearing
lp steam,lp steam
phase,phase
outlet gas,outlet gas
chip detector,chip detector
st brg,st bearing
lower load,lower load
temp trending model,temperature trending model
position,position
startup,startup
model low,model low
h2,hydrogen
trending estimate,trending estimate
temp tracking,temperature tracking
turbine wheelspace,turbine wheelspace
tracks model,tracking model
rotor vib brg,rotor vibration bearing
tag motor,tag motor
steam sodium,steam sodium
modeled,model
consistently,consistently
tracking,tracking
model compressor,model compressor
pressure reading,pressure reading
mtl temp,metal temperature
generator bearing temperature nde,generator bearing temperature nde
oil drain,oil drain
model estimate rear,model estimate rear
nan,nans
hydraulic,hydraulic
power turbine positions,power turbine position
temperature model predictions,temperature model predicted
hrsg inlet,hrsg inlet
enclosure,enclosure
pump ib brg temp,pump ib bearing temperature
spec cond,spec conductivity
therm,therm
motor ob brg,motor ob bearing
condition persists condition,condition persists condition
nde exceeded model,nde exceeded model
values model estimates,values model estimate
tc tracking,thermocouple tracking
tracks,tracking
liquid,liquid
range values model,range values model
water,water
speed shaft,speed shaft
degrade,degrade
pump ob bearing,pump ob bearing
thrust bearing position,thrust bearing position
acoustic,acoustic
lube oil pressure,lube oil pressure
currents,current
brg fr,bearing fr
unit run,unit run
coolant pressure,coolant pressure
attemperator,attemperator
variable,variable
spec cndc,spec cndc
exhaust temps,exhaust temperature
estimate drive,estimate drive
disc,disc
de,de
intercooler coolant,intercooler coolant
rotor speed,rotor speed
tag reading,tag reading
cycling,cycle
range train temp,range train temperature
predicted,predicted
flat,flat
stator phase winding,stator phase wind
trending lower,trending lower
angle,angle
train temp,train temperature
casing,casing
burners,burner
trained data model,train data model
stepping,stepped
fairly,fairly
temp gen,temperature generator
drive bearing,drive bearing
adaptation,adaptation
rotor,rotor
predicted brg,predicted bearing
discharge,discharge
low load,low load
ip drum,ip drum
inlet filter dp,inlet filter dp
brg metal,bearing metal
mtl temp ti,metal temperature ti
adjacent,adjacent
rot gen rot,rotor generator rotor
dropped model,dropped model
bearing oil,bearing oil
fw pmp axial,fw pump axial
desuperheater,desuperheater
ambient temperature,ambient temperature
delta pressure,delta pressure
oil pressure,oil pressure
upward,upward
temperature ti,temperature ti
model predicted,model predicted
generator bearing metal temp,generator bearing metal temperature
fuel temperature,fuel temperature
water flow,water flow
outboard bearing,outboard bearing
stator coil vib,stator coil vibration
flue,flue
temp range,temperature range
bearing reading,bearing reading
model values,model values
estimate bearing,estimate bearing
brg oil,bearing oil
temp temperature,temperature temperature
dp,dp
gear oil,gear oil
inlet position,inlet position
ip drum differential,ip drum differential
ammonia flow,ammonia flow
motor winding,motor wind
fuel combustion wheelspace,fuel combustion wheelspace
bearing tracking model,bearing tracking model
trending low,trending low
deviate model,deviation model
erratically,erratic
vent,vent
temp spread,temperature spread
predicted issue,predicted issue
tracked issue,tracking issue
exceeded,exceeded
temp tracking erratically,temperature tracking erratic
differential pressure,differential pressure
tower,tower
timeframe,timeframe
ambient air,ambient air
model performance,model performance
lined,lined
modeling,model
unit load,unit load
shifting,shifted
temperature lube oil,temperature lube oil
gas differential,gas differential
prefilter fuel pressure,prefilter fuel pressure
residual thresholds,residuals threshold
appx,approximate
historical values,historical values
motor bearing,motor bearing
drum sensor,drum sensor
tracking issue,tracking issue
tracking lower,tracking lower
gas flow,gas flow
discharge pressure,discharge pressure
HYDRLC,hydraulic
varying,varying
hrsg,hrsg
charts,charts
bearing temp reading,bearing temperature reading
historical,historical
pressure decreased,pressure decreased
generator bearing temperature de,generator bearing temperature de
generator drive bearing,generator drive bearing
poor,poor
vlv,valve
bst,bst
temp increasing,temperature increase
seis,seismic
wind,wind
stabilized,stabilized
start,start
seal flow,seal flow
gas outlet,gas outlet
gt nox,gt nox
lower model,lower model
vibration sensor,vibrations sensor
delta press range,delta pressure range
brg oil drain,bearing oil drain
mass flow,mass flow
values condition,values condition
hrsg drum spec,hrsg drum spec
issue tracked,issue tracking
temps,temperature
mass,mass
predicted tracking,predicted tracking
investigated,investigation
suction strainer,suction strainer
rotor vibration,rotor vibrations
celsius,celsius
discharge temp,discharge temperature
fuel gas,fuel gas
model combustor performance,model combustor performance
rotor vibr,rotor vibration
brg position,bearing position
model estimates,model estimate
probes,probe
journal bearings,journal bearing
drain temp,drain temperature
stator temps,stator temperature
deviate,deviation
temperature tracking,temperature tracking
pressure increase,pressure increase
curtailed wind,curtailed wind
temp nans,temperature nans
bearing elevated,bearing elevated
persists condition,persists condition
terminal,terminal
compressor,compressor
compressor outlet temp range,compressor outlet temperature range
gas delta,gas delta
pump nde,pump nde
steam temp,steam temperature
gts,gt
rear strut pressure,rear strut pressure
drum,drum
gas press range,gas pressure range
packing,packing
exh,exhaust
cleared,cleared
tcs,thermocouple
pressure decrease,pressure decreased
exhaust pressure,exhaust pressure
pressure trending,pressure trending
connection,connection
bearing metal temp,bearing metal temperature
temp wheelspace,temperature wheelspace
persist,persists
drum conductivity,drum conductivity
temperature elevated,temperature elevated
train pressure,train pressure
steam temperature,steam temperature
outboard,outboard
temp dropped,temperature dropped
strut,strut
start wheelspace,start wheelspace
observed,observed
train,train
thrust bearing temp,thrust bearing temperature
model gas,model gas
generator bearing,generator bearing
pressure steam,pressure steam
model wheelspace,model wheelspace
temperature reading,temperature reading
tracked erratically,tracking erratic
brg metal temp,bearing metal temperature
motor stator temp,motor stator temperature
steadily,steadily
flows,flow
issues,issue
low alarm,low alarm
run exhaust tc,run exhaust thermocouple
vibrations trending,vibration trending
condenser pressure,condenser pressure
loss,loss
exhaust steam temperature,exhaust steam temperature
temperature,temperature
crankcase,crankcase
hrsgs,hrsg
gradually increasing,gradually increase
prefilter,prefilter
tag,tag
model pressure steam,model pressure steam
residual,residuals
ip hrsg,ip hrsg
turbine thrust bearing,turbine thrust bearing
flatlining,flatlined
compressor inlet,compressor inlet
temps tracking,temperature tracking
cat cond,cat conductivity
bearing vibration sensor,bearing vibrations sensor
bellmouth,bellmouth
reading erratically,reading erratic
model mechanical,model mechanical
lube,lube
outlet press,outlet pressure
mechanical model,mechanical model
traced,traced
cooler water,cooler water
intermittent,intermittently
flow trending,flow trending
trend,trending
voltages,voltage
bowl,bowl
chip,chip
alert,alerting
pulv,pulverizer
bearing axial position,bearing axial position
buffer,buffer
reading unit,reading unit
btj,btj
temp trending,temperature trending
brg,bearing
cndc,cndc
ib brg vib,ib bearing vibration
pressure flatlined,pressure flatlined
pres,pressure
vibration reading,vibrations reading
oil drain temp,oil drain temperature
wheelspace mechanical,wheelspace mechanical
incidents,incidents
bearing vibrations bearing,bearing vibration bearing
pattern,pattern
speed curtailment,speed curtailed
bearing temperature trending,bearing temperature trending
exhaust temp range,exhaust temperature range
spurious,spurious
combustor performance,combustor performance
htr,htr
tuning,tuning
rear,rear
combustion,combustion
outlet temperature,outlet temperature
base,base
perf model,performance model
min,minimum
attemperator spray,attemperator spray
model bearing,model bearing
oil filter,oil filter
siemens,siemens
burner outlet,burner outlet
brg mtl,bearing metal
pressures,pressure
stator temp,stator temperature
decreased model,decreased model
remained model,remained model
steam,steam
reads bearing reads,reading bearing reading
servo current,servo current
lo temp bearing,lo temperature bearing
mtl temp range,metal temperature range
adapted,adaptation
tracking lower predicted,tracking lower predicted
pressue,pressure
servo,servo
alerting,alerting
peaking,peak
thermal mechanical tag,thermal mechanical tag
thrust brg temp,thrust bearing temperature
fuel adaptation,fuel adaptation
metal temps,metal temperature
fan motor,fan motor
temperature tag,temperature tag
gland,gland
mtr,motor
antisurge,antisurge
bearing temp,bearing temperature
load run,load run
switched,switched
wc,wc
outlet temp range,outlet temperature range
charge,charge
trained data,train data
spray flow,spray flow
recovered,recovered
downtime,downtime
metal temp reading,metal temperature reading
steam turbine,steam turbine
shaft,shaft
wheelspace temperature,wheelspace temperature
piston leak,piston leak
interstage,interstage
flat lined,flat lined
alerted,alerting
estimate rear,estimate rear
inner seal,inner seal
shifted,shifted
mill,mill
lower estimate,lower estimate
range stripe,range stripe
inlet pressure,inlet pressure
lo temp,lo temperature
increasing,increase
pitch,pitch
nde seal,nde seal
turbine exhaust,turbine exhaust
engine speed,engine speed
radial,radial
tracked,tracking
comp,comp
trained model,train model
outer temp,outer temperature
heat,heat
axial position shifted,axial position shifted
ambient,ambient
run,run
spike,spiking
wheel,wheel
temp lower,temperature lower
spray,spray
estimated,estimate
lp,lp
reading values,reading values
dp reading,dp reading
scanner,scanner
train data,train data
ip drum conductivity,ip drum conductivity
feedwater,feedwater
coincides,coincides
mechanical tag,mechanical tag
pmp axial,pump axial
economizer,economizer
ff,ff
