acceleration,acceleration
accurately,accurately
actioned,actioned
actuals,actuals
adaptation,adaptation
adapted,adaptation
additional,additional
addressed,addressed
advisory,advisories
ah,ah
ai,ai
air,air
alarm,alarm
alarms,alarm
alert,alert
alerting,alert
alerts,alert
alias,alias
ambient,ambient
ammonia,ammonia
analyzer,analyzer
antisurge,antisurge
ao,ao
aph,aph
asset,asset
assets,asset
attemp,attemperator
attemperator,attemperator
average,average
avg,average
axial,axial
backpressure,backpressure
bank,bank
baseline,baseline
baseload,baseload
bdm,bdm
bearing,bearing
bearings,bearing
bfp,bfp
bias,bias
bleed,bleed
blowdown,blowdown
bo,bo
boiler,boiler
booster,booster
bp,bp
brg,bearing
btgj,btgj
btj,btj
buffer,buffer
burner,burner
calibration,calibration
casing,casing
cat,cat
cation,cation
center,center
ch,ch
chart,chart
charts,chart
chiller,chiller
circ,circ
cleared,cleared
close,close
closed,close
closely,close
closing,close
cmm,cmm
co,co
coal,coal
cold,cold
collector,collector
combustion,combustion
combustor,combustor
command,command
comp,comp
compressor,compressor
concentration,concentration
cond,cond
condensate,condensate
condenser,condensate
condition,condition
conditions,condition
conductivity,conductivity
consistently,consistently
content,content
continues,continues
continuing,continues
control,control
controller,control
coolant,coolant
cooler,cooler
cooling,cooling
core,core
correct,correct
correctly,correct
correlate,correlate
correlates,correlate
correspond,correspond
counts,counts
coupling,coupling
ctg,ctg
ctrl,control
current,current
curtailed,curtailed
curtailment,curtailed
cv,cv
cw,cw
cycle,cycle
cycling,cycle
cyl,cylinder
cylinder,cylinder
cylinders,cylinder
damper,damper
data,data
datafeed,datafeed
dates,dates
day,day
de,de
decrease,decrease
decreased,decrease
decreases,decrease
decreasing,decrease
delivery,delivery
delta,delta
demand,demand
desup,desuperheater
desuperheater,desuperheater
detector,detector
detectors,detector
deviate,deviate
deviated,deviate
deviating,deviate
deviation,deviate
deviations,deviate
diff,difference
differential,differential
disc,disc
disch,discharge
discharge,discharge
displacement,displacement
displaying,displaying
dissolved,dissolved
dmd,dmd
downward,downward
dp,dp
drain,drain
drive,drive
driver,driver
dropped,dropped
dropping,dropped
drum,drum
dsh,dsh
duct,duct
econ,econ
economizer,economizer
efficiency,efficiency
electrical,electrical
elevated,elevated
engine,engine
erratic,erratic
erratically,erratic
estimate,estimate
estimated,estimate
estimates,estimate
exceeded,exceeded
exceeding,exceeded
exciter,exciter
exh,exhaust
exhaust,exhaust
exhibited,exhibited
exhibiting,exhibited
fan,fan
fans,fan
faulted,faulted
fd,fd
february,february
feed,feed
feedwater,feedwater
fi,fi
filter,filter
firing,firing
fixed,fixed
flame,flame
flat,flat
flatline,flatline
flatlined,flatline
flatlines,flatline
flatlining,flatline
flow,flow
flows,flow
fluctuate,fluctuate
fluctuating,fluctuate
fluctuations,fluctuate
flue,flue
fluid,fluid
fo,fo
fr,fr
frequently,frequently
fuel,fuel
fw,fw
fwh,fwh
fwp,fw pump
gas,gas
gb,gb
gear,gear
gearbox,gearbox
geip,geip
gen,generator
generator,generator
gg,gg
gradually,gradual
gross,gross
gt,gt
heat,heat
heater,heater
heating,heat
hg,hg
historical,historical
historically,historical
ho,ho
horizontal,horizontal
hot,hot
hotter,hotter
hottest,hottest
hotwell,hotwell
hp,hp
hpt,hpt
hrsg,hrsg
hrsgs,hrsgs
hs,hs
ht,ht
htr,htr
hydraulic,hydraulic
hydrogen,hydrogen
ib,ib
igv,igv
improved,improved
ims,ims
inactive,inactive
inboard,inboard
incidents,incidents
increase,increase
increases,increase
increasing,increase
industrial,industrial
inh,inh
inho,inho
injection,injection
inlet,inlet
inline,inline
inner,inner
instances,instances
instrument,instrument
instrumentation,instrument
intermittent,intermittent
intermittently,intermittent
interstage,interstage
ip,ip
issue,issue
issues,issue
itl,itl
jacket,jacket
journal,journal
lagging,lagging
late,late
lb,lb
leak,leak
lined,lined
liquid,liquid
lo,lo
load,load
loss,loss
low,low
lower,lower
lp,lp
lube,lube
lvl,level
machine,machine
magnitude,magnitude
mass,mass
max,maximum
mech,mechanical
mechanical,mechanical
metal,metal
mill,mill
mills,mill
model,model
models,model
monitor,monitor
monitoring,monitor
motor,motor
mt,motor
mtl,metal
mtr,motor
nan,nan
nans,nan
nde,nde
notification,notification
nox,nox
ob,ob
observed,observed
occasionally,occasionally
occured,occured
occurring,occured
oil,oil
ongoing,ongoing
op,op
operational,operational
oscillating,oscillating
outboard,outboard
outer,outer
outlet,outlet
par,par
pattern,pattern
pdi,pdi
peak,peak
peaked,peak
peaks,peak
perf,performance
performance,performance
periodically,periodically
periods,periodically
persist,persist
persisted,persist
persists,persist
ph,ph
phase,phase
pi,pi
piston,piston
pmp,pump
poor,poor
poorly,poor
pos,position
position,position
positions,position
positive,position
post,post
posted,post
power,power
prc,prc
predicted,predicted
prediction,predicted
predictions,predicted
prefilter,prefilter
preheater,preheater
press,pressure
pressure,pressure
pressures,pressure
pretty,pretty
priority,priority
probe,probe
probes,probe
process,process
producing,producing
projected,projected
prox,prox
pump,pump
pumps,pump
purity,purity
pv,pv
radial,radial
ramp,ramp
range,range
ranged,range
ranges,range
ranging,range
rapid,rapid
rapidly,rapid
rd,rd
reaches,reaches
reaching,reaches
read,read
reading,read
readings,read
reads,read
rear,rear
recirc,recirc
recovered,recovered
recycle,recycle
rel,rel
relatively,relatively
remained,remained
removed,removed
repaired,repair
reporting,reporting
residual,residual
residuals,residual
resolve,resolve
restart,restart
restarted,restart
returns,returns
rh,rh
rising,rising
rose,rose
rot,rot
rotor,rotor
rtd,rtd
run,run
sample,sample
sat,sat
seal,seal
seis,seismic
sensor,sensor
sensors,sensor
servo,servo
sh,sh
shaft,shaft
shell,shell
shield,shield
shifted,shifted
shifts,shifted
short,short
siemens,siemens
signal,signal
silica,silica
slight,slight
slowly,slowly
smartsignal,smartsignal
sodium,sodium
sp,sp
spec,spec
speed,speed
spike,spike
spiked,spike
spikes,spike
spiking,spike
spray,spray
spread,spread
spreads,spread
ssc,ssc
st,st
stack,stack
start,start
starts,start
startup,startup
startups,startup
stator,stator
steadily,steadily
steady,steady
steam,steam
step,step
stepped,step
stepping,step
stg,stage
stm,stm
stopped,stopped
strainer,strainer
street,street
stripe,stripe
strut,strut
suction,suction
sump,sump
superheater,superheater
swinging,swinging
tag,tag
tags,tag
tank,tank
tc,thermocouple
temp,temperature
temperature,temperature
temps,temperature
th,th
thermocouple,thermocouple
thermocouples,thermocouple
threshold,threshold
throughout,throughout
thrust,thrust
ti,ti
tia,tia
timeframe,timeframe
tmp,temperature
tower,tower
towers,tower
traced,traced
track,track
tracked,track
tracking,track
tracks,track
train,train
trained,train
transmitter,transmitter
transmitters,transmitter
trend,trend
trended,trend
trending,trend
trip,trip
truck,truck
tt,tt
ttwsao,ttwsao
ttxd,ttxd
tube,tube
turb,turbine
turbine,turbine
turbines,turbine
unchanged,unchanged
unit,unit
upward,upward
values,values
valve,valve
valves,valve
variable,variable
varying,varying
vent,vent
versus,versus
vib,vibration
vibe,vibe
vibes,vibe
vibration,vibration
vibrations,vibration
vibs,vibration
vlv,valve
voltage,volts
water,water
waterbox,waterbox
wheel,wheel
wheelspace,wheelspace
wind,wind
winding,wind
wsao,wsao
wtr,water
xmtr,xmtr
xq,xq
cp,cp
cep,cep
agb,agb
vert,vertical
magnetic,magnetic
smart,smart
unstable,unstable
acoustic,acoustic
gradual,gradual
rr,rr
vertical,vertical
reliable,reliable
apparent,apparent
fwpb,fwpb
gec,gec
castellon,castellon
notable,notable
upset,upset
gtdl,gtdl
chip,chip
packing,packing
alternator,alternator
expander,expander
separator,separator
amplitude,amplitude
scrubber,scrubber
tunnel,tunnel
scanner,scanner
transducer,transducer
velocity,velocity
fpt,fpt
fp,fp
intercooler,intercooler
scavenge,scavenge
pulv,pulverizer
cst,cst
gaphoss,gaphoss
lcv,lcv
angle,angle
reservoir,reservoir
rule,rule
bd,bd
inbrd,inbrd
srv,srv
turbo,turbo
cdt,cdt
enclosure,enclosure
intensity,intensity
oxygen,oxygen
bed,bed
charge,charge
device,device
fcv,fcv
cell,cell
filters,filter
mark,mark
nacelle,nacelle
pulverizer,pulverizer
teg,teg
vacuum,vacuum
bst,bst
cut,cut
fairly,fairly
horiz,horizontal
para,para
pc,pc
reheat,reheat
thresholds,threshold
trucks,truck
box,box
brgx,bearing
downwards,downward
fwpa,fwpa
nearly,nearly
plant,plant
server,server
brgy,bearing
comb,comb
egt,egt
health,health
reactive,reactive
reboiler,reboiler
repair,repair
setpoint,setpoint
tcaphoss,tcaphoss
upwards,upward
advisories,advisories
barrel,barrel
beds,bed
exchanger,exchanger
export,export
instruments,instrument
investigation,investigation
loop,loop
pri,pri
scr,scr
seals,seal
model estimate,model estimate
bearing temp,bearing temperature
thrust bearing,thrust bearing
bearing temperature,bearing temperature
lube oil,lube oil
bearing metal,bearing metal
hp drum,hp drum
valve position,valve position
bearing vibrations,bearing vibration
ip drum,ip drum
metal temp,metal temperature
axial position,axial position
model prediction,model predicted
generator bearing,generator bearing
fuel gas,fuel gas
control valve,control valve
outlet temp,outlet temperature
model estimates,model estimate
brg vib,bearing vibration
metal temperature,metal temperature
filter dp,filter dp
bearing vibration,bearing vibration
exhaust temp,exhaust temperature
brg temp,bearing temperature
condition persists,condition persist
gen bearing,generator bearing
model predictions,model predicted
lp drum,lp drum
outlet temperature,outlet temperature
mtl temp,metal temperature
bearing temps,bearing temperature
exhaust spread,exhaust spread
drain temp,drain temperature
model predicted,model predicted
issue persists,issue persist
ambient temperature,ambient temperature
thrust brg,thrust bearing
duct burner,duct burner
brg mtl,bearing metal
motor current,motor current
steam flow,steam flow
unit start,unit start
differential pressure,differential pressure
exhaust tc,exhaust thermocouple
inlet pressure,inlet pressure
nde bearing,nde bearing
unit run,unit run
inlet temp,inlet temperature
discharge pressure,discharge pressure
drum ph,drum ph
ob bearing,ob bearing
oil pressure,oil pressure
performance tag,performance tag
turbine bearing,turbine bearing
gross load,gross load
de bearing,de bearing
motor stator,motor stator
model performance,model performance
oil drain,oil drain
temp decreased,temperature decrease
drum fw,drum fw
fw flow,fw flow
hydrogen purity,hydrogen purity
ip steam,ip steam
ib bearing,ib bearing
vibration sensor,vibration sensor
exhaust temperature,exhaust temperature
oil temperature,oil temperature
compressor inlet,compressor inlet
oil filter,oil filter
stator temp,stator temperature
suction temperature,suction temperature
de seal,de seal
gradually increasing,gradual increase
ob brg,ob bearing
journal bearing,journal bearing
discharge temperature,discharge temperature
ib brg,ib bearing
gas flow,gas flow
reporting values,reporting values
oil temp,oil temperature
thrust position,thrust position
lp steam,lp steam
ao temp,ao temperature
hp steam,hp steam
ammonia flow,ammonia flow
inactive thrust,inactive thrust
low load,low load
seal outlet,seal outlet
mechanical tag,mechanical tag
nde seal,nde seal
gas temp,gas temperature
wind speed,wind speed
inlet temperature,inlet temperature
motor ib,motor ib
condition continues,condition continues
outlet flow,outlet flow
seal oil,seal oil
bearing drain,bearing drain
fuel delivery,fuel delivery
delivery pressure,delivery pressure
rotor fan,rotor fan
unit restart,unit restart
inlet bleed,inlet bleed
lo temp,lo temperature
spray flow,spray flow
steam temperature,steam temperature
wind turbine,wind turbine
diff press,difference pressure
model model,model model
reading erratic,read erratic
seal gas,seal gas
hp fw,hp fw
oil cooler,oil cooler
strut pressure,strut pressure
bearing vib,bearing vibration
bearing oil,bearing oil
bleed heat,bleed heat
brg metal,bearing metal
pump ib,pump ib
sensor issue,sensor issue
gas pressure,gas pressure
valve differential,valve differential
condition cleared,condition cleared
performance alias,performance alias
tracking erratically,track erratic
persists issue,persist issue
temp range,temperature range
temperature spread,temperature spread
suction pressure,suction pressure
model perf,model performance
reading erratically,read erratic
drain temperature,drain temperature
pump ob,pump ob
model mechanical,model mechanical
motor ob,motor ob
steam turbine,steam turbine
valve demand,valve demand
temp stepped,temperature step
pressure steam,pressure steam
gear bearing,gear bearing
ip fw,ip fw
spray valve,spray valve
steam temp,steam temperature
winding temp,wind temperature
fuel pressure,fuel pressure
hrsg hp,hrsg hp
hrsg inlet,hrsg inlet
metal temps,metal temperature
motor bearing,motor bearing
nde brg,nde bearing
gas control,gas control
pressure decreased,pressure decrease
faulted data,faulted data
valve pos,valve position
cooling air,cooling air
discharge flow,discharge flow
drain valve,drain valve
exhaust gas,exhaust gas
fw pump,fw pump
gas temperature,gas temperature
rear strut,rear strut
turbine exhaust,turbine exhaust
inlet gas,inlet gas
motor winding,motor wind
air temp,air temperature
fan dp,fan dp
heat valve,heat valve
inlet filter,inlet filter
reading lower,read lower
temperature sensor,temperature sensor
gen brg,generator bearing
bearing axial,bearing axial
diff cv,difference cv
exhaust temps,exhaust temperature
hrsg outlet,hrsg outlet
gearbox oil,gearbox oil
rear gen,rear generator
discharge temp,discharge temperature
flat lined,flat lined
lower load,lower load
de nde,de nde
delta press,delta pressure
winding temps,wind temperature
ambient temp,ambient temperature
gas outlet,gas outlet
gradually decreasing,gradual decrease
recirc valve,recirc valve
de brg,de bearing
ip blowdown,ip blowdown
model gas,model gas
temperature decreased,temperature decrease
air flow,air flow
coolant pressure,coolant pressure
cooler outlet,cooler outlet
temperature nde,temperature nde
turb brg,turbine bearing
hs rot,hs rot
ims gen,ims generator
turbine speed,turbine speed
hot air,hot air
water flow,water flow
brg oil,bearing oil
inlet air,inlet air
outboard bearing,outboard bearing
pressure core,pressure core
steadily increasing,steadily increase
buffer gas,buffer gas
fan ib,fan ib
flame detector,flame detector
gas press,gas pressure
radial bearing,radial bearing
reading flatlined,read flatline
trained data,train data
hrsg ip,hrsg ip
prefilter fuel,prefilter fuel
pump discharge,pump discharge
recycle valve,recycle valve
temp bearing,temperature bearing
trending low,trend low
vibration tags,vibration tag
drain temps,drain temperature
exhaust pressure,exhaust pressure
flow decreased,flow decrease
fw pmp,fw pump
gas inlet,gas inlet
gt vibration,gt vibration
historical values,historical values
motor nde,motor nde
steam pressure,steam pressure
steam sodium,steam sodium
temp spread,temperature spread
attemperator spray,attemperator spray
bearing position,bearing position
brg temps,bearing temperature
gearbox bearing,gearbox bearing
hrsg drum,hrsg drum
burner spread,burner spread
cooling tower,cooling tower
hp attemperator,hp attemperator
hrsg stack,hrsg stack
industrial prc,industrial prc
outlet temps,outlet temperature
rel vib,rel vibration
spec conductivity,spec conductivity
stator temperature,stator temperature
wheelspace temp,wheelspace temperature
burner outlet,burner outlet
cat cond,cat cond
hp attemp,hp attemperator
ims rot,ims rot
inboard bearing,inboard bearing
positive residuals,position residual
pressure dropped,pressure dropped
steam alias,steam alias
steam tag,steam tag
temperature differential,temperature differential
turbine temperature,turbine temperature
drum conductivity,drum conductivity
hot gas,hot gas
coal flow,coal flow
compressor outlet,compressor outlet
exh temp,exhaust temperature
flow valve,flow valve
flue gas,flue gas
spec cond,spec cond
strainer dp,strainer dp
air delta,air delta
burner fuel,burner fuel
ch vib,ch vibration
condensate pump,condensate pump
delta temp,delta temperature
hp sh,hp sh
max spread,maximum spread
outlet pressure,outlet pressure
steam drum,steam drum
stepped low,step low
suction temp,suction temperature
antisurge valve,antisurge valve
data trained,data train
fo temp,fo temperature
fuel flow,fuel flow
oil tank,oil tank
slowly increasing,slowly increase
temperature wheelspace,temperature wheelspace
axial probe,axial probe
chip detector,chip detector
exhaust spreads,exhaust spread
exhaust thermocouple,exhaust thermocouple
performance model,performance model
pump de,pump de
steam silica,steam silica
tracking model,track model
wheelspace ao,wheelspace ao
condenser backpressure,condensate backpressure
displaying erratic,displaying erratic
generator temp,generator temperature
injection flow,injection flow
mass flow,mass flow
model mech,model mechanical
model tag,model tag
outlet gas,outlet gas
pump thrust,pump thrust
stator temps,stator temperature
temp ti,temperature ti
ti pv,ti pv
winding temperature,wind temperature
blowdown silica,blowdown silica
combustion performance,combustion performance
ctrl vlv,control valve
drum spec,drum spec
gas filter,gas filter
heating control,heat control
model electrical,model electrical
model fuel,model fuel
position sensor,position sensor
suction flow,suction flow
suction strainer,suction strainer
temp dropped,temperature dropped
air inlet,air inlet
attemperator outlet,attemperator outlet
compressor discharge,compressor discharge
compressor performance,compressor performance
ctg brg,ctg bearing
cv pos,cv position
fd fan,fd fan
historical data,historical data
inlet heating,inlet heat
inlet press,inlet pressure
ip attemperator,ip attemperator
lo cooler,lo cooler
nde vibrations,nde vibration
pressure stepped,pressure step
sp cond,sp cond
temp increases,temperature increase
water injection,water injection
adaptation fuel,adaptation fuel
ambient temps,ambient temperature
cleared closing,cleared close
damper position,damper position
gg exhaust,gg exhaust
hrsg lp,hrsg lp
oil press,oil pressure
piston leak,piston leak
remained elevated,remained elevated
remained steady,remained steady
trending lower,trend lower
vib brg,vibration bearing
air temperature,air temperature
bfp suction,bfp suction
cold gas,cold gas
cooling water,cooling water
de vibrations,de vibration
exciter brg,exciter bearing
gear oil,gear oil
gt bearing,gt bearing
model compressor,model compressor
model wheelspace,model wheelspace
perf alias,performance alias
poor tracking,poor track
reading low,read low
rotor vibration,rotor vibration
temperature ti,temperature ti
vibration reading,vibration read
air damper,air damper
bearing vibes,bearing vibe
cation conductivity,cation conductivity
core fuel,core fuel
cylinder exhaust,cylinder exhaust
filter diff,filter difference
fw lvl,fw level
inlet flow,inlet flow
pdi pv,pdi pv
temperature sensors,temperature sensor
temperature tag,temperature tag
turbine wheelspace,turbine wheelspace
water ph,water ph
delta pressure,delta pressure
hrsg bfp,hrsg bfp
lvl ctrl,level control
mill motor,mill motor
outlet press,outlet pressure
temp tracks,temperature track
temp xmtr,temperature xmtr
water temperature,water temperature
wheelspace rd,wheelspace rd
wheelspace st,wheelspace st
air outlet,air outlet
air pressure,air pressure
blowdown ph,blowdown ph
cond pump,cond pump
drum water,drum water
fan differential,fan differential
fan ob,fan ob
fluid coupling,fluid coupling
fwp lube,fw pump lube
perf model,performance model
pump nde,pump nde
read erratically,read erratic
reporting nans,reporting nan
speed shaft,speed shaft
ambient air,ambient air
brg vibration,bearing vibration
estimate rear,estimate rear
exh gas,exhaust gas
exhibiting erratic,exhibited erratic
low speed,low speed
phase current,phase current
recirc flow,recirc flow
servo current,servo current
tracked erratically,track erratic
trending upward,trend upward
turb exh,turbine exhaust
turbine outlet,turbine outlet
turbine thrust,turbine thrust
alias fuel,alias fuel
alias hp,alias hp
cold air,cold air
drum press,drum pressure
drum sp,drum sp
exhaust steam,exhaust steam
flame scanner,flame scanner
fw valve,fw valve
gas spread,gas spread
gg bearing,gg bearing
model combustor,model combustor
perf tag,performance tag
stack temp,stack temperature
stator phase,stator phase
temp avg,temperature average
temps decreased,temperature decrease
vlv pos,valve position
curtailment cleared,curtailed cleared
cv range,cv range
drum pressure,drum pressure
duct pressure,duct pressure
filter differential,filter differential
flame intensity,flame intensity
hp ip,hp ip
lower ambient,lower ambient
pmp axial,pump axial
priority notification,priority notification
pump bearing,pump bearing
rh attemp,rh attemperator
sh dsh,sh dsh
stg suction,stage suction
temp diff,temperature difference
temperature de,temperature de
tracking low,track low
turbine brg,turbine bearing
water jacket,water jacket
wheelspace fo,wheelspace fo
wheelspace temps,wheelspace temperature
ah gas,ah gas
condensate ph,condensate ph
delta temperature,delta temperature
erratic values,erratic values
fi temp,fi temperature
gas delta,gas delta
gas fuel,gas fuel
generator rotor,generator rotor
hpt control,hpt control
lp recirc,lp recirc
mechanical alias,mechanical alias
mt cv,motor cv
oil outlet,oil outlet
persists condition,persist condition
seal inlet,seal inlet
stator winding,stator wind
temp continues,temperature continues
tracking lower,track lower
vib sensor,vibration sensor
air filter,air filter
attemp spray,attemperator spray
brg axial,bearing axial
circ water,circ water
cooler oil,cooler oil
dsh outlet,dsh outlet
generator speed,generator speed
hydraulic oil,hydraulic oil
inner seal,inner seal
outer temp,outer temperature
pretty accurately,pretty accurately
smart signal,smart signal
steam cat,steam cat
temperature dropped,temperature dropped
temperature tags,temperature tag
track erratically,track erratic
tracking pretty,track pretty
alias compressor,alias compressor
coal air,coal air
combustor performance,combustor performance
cw waterbox,cw waterbox
diff pressure,difference pressure
erratic readings,erratic read
filter pressure,filter pressure
generator de,generator de
generator stator,generator stator
inactive metal,inactive metal
ph reading,ph read
reading stepped,read step
steam outlet,steam outlet
temp cv,temperature cv
temp tag,temperature tag
turb thrust,turbine thrust
bearing tunnel,bearing tunnel
bleed valve,bleed valve
boiler water,boiler water
compressor speed,compressor speed
continues condition,continues condition
cooler water,cooler water
cv position,cv position
desuperheater outlet,desuperheater outlet
drum boiler,drum boiler
gas dp,gas dp
gb driver,gb driver
ip hrsg,ip hrsg
jacket inlet,jacket inlet
load decreased,load decrease
position decreased,position decrease
residual thresholds,residual threshold
seal filter,seal filter
sh steam,sh steam
st bearing,st bearing
temp mt,temperature motor
temperature increases,temperature increase
vibration readings,vibration read
vlv dmd,valve dmd
adaptation combustion,adaptation combustion
adaptation mech,adaptation mechanical
axial displacement,axial displacement
booster pump,booster pump
combustion perf,combustion performance
compressor bearing,compressor bearing
de journal,de journal
disch press,discharge pressure
feedwater valve,feedwater valve
fw cv,fw cv
hp blowdown,hp blowdown
hrsg gas,hrsg gas
intercooler coolant,intercooler coolant
lo pressure,lo pressure
lo temperature,lo temperature
lp condenser,lp condensate
mech model,mechanical model
model hp,model hp
motor de,motor de
power turbine,power turbine
pump axial,pump axial
reading nans,read nan
seal dp,seal dp
seal pressure,seal pressure
sensor repaired,sensor repair
siemens tower,siemens tower
temp increase,temperature increase
temperature spiked,temperature spike
thrust positions,thrust position
turb lo,turbine lo
unit restarted,unit restart
valve diff,valve difference
wheelspace temperature,wheelspace temperature
adaptation wheelspace,adaptation wheelspace
axial positions,axial position
brg fr,bearing fr
compressor efficiency,compressor efficiency
cp nde,cp nde
current reading,current read
desup spray,desuperheater spray
drum wtr,drum water
duct firing,duct firing
fan vibrations,fan vibration
flatlined data,flatline data
fw htr,fw htr
gas turbine,gas turbine
gg velocity,gg velocity
gt load,gt load
inlet duct,inlet duct
inlet steam,inlet steam
low alarm,low alarm
motor outboard,motor outboard
motor temp,motor temperature
ph decreased,ph decrease
pi pv,pi pv
press range,pressure range
pressure spiked,pressure spike
pressure tag,pressure tag
shaft radial,shaft radial
shaft vibration,shaft vibration
temperature continues,temperature continues
temperature increase,temperature increase
tracking accurately,track accurately
turbine generator,turbine generator
turbo expander,turbo expander
valve servo,valve servo
vibrations spiked,vibration spike
acoustic sensor,acoustic sensor
ah air,ah air
axial pos,axial position
current phase,current phase
dp decreased,dp decrease
driver thrust,driver thrust
engine oil,engine oil
erratic reading,erratic read
feedwater flow,feedwater flow
generator nde,generator nde
hp desup,hp desuperheater
hp feedwater,hp feedwater
hp vib,hp vibration
hydrogen gas,hydrogen gas
intermittently reading,intermittent read
motor vibrations,motor vibration
mtl temps,metal temperature
reading values,read values
sat sh,sat sh
spray water,spray water
spread cv,spread cv
st load,st load
stack inlet,stack inlet
temperature reading,temperature read
valve positions,valve position
vibration stepped,vibration step
vibrations trending,vibration trend
wind turbines,wind turbine
air heater,air heater
alias hrsg,alias hrsg
alternator bearing,alternator bearing
bearing inactive,bearing inactive
bfp discharge,bfp discharge
combustion monitor,combustion monitor
cooler discharge,cooler discharge
desup outlet,desuperheater outlet
driver load,driver load
fan motor,fan motor
gas differential,gas differential
gas valve,gas valve
gen lo,generator lo
gt nox,gt nox
hp discharge,hp discharge
hp superheater,hp superheater
igv position,igv position
inho inho,inho inho
inlet temps,inlet temperature
mech alias,mechanical alias
model combustion,model combustion
ph sample,ph sample
pressure transmitter,pressure transmitter
pump motor,pump motor
pump seal,pump seal
pump speed,pump speed
rd stg,rd stage
rh dsh,rh dsh
rotor speed,rotor speed
shaft vibrations,shaft vibration
superheater outlet,superheater outlet
temp gen,temperature generator
temp increasing,temperature increase
temp wheelspace,temperature wheelspace
thrust axial,thrust axial
trained faulted,train faulted
trend upward,trend upward
tunnel temperature,tunnel temperature
vibration brg,vibration bearing
vibration spiked,vibration spike
vibration spikes,vibration spike
wheelspace performance,wheelspace performance
alarm monitoring,alarm monitor
alias exhaust,alias exhaust
bank cylinder,bank cylinder
bearing vibe,bearing vibe
brg vibrations,bearing vibration
chiller cooling,chiller cooling
condensate sodium,condensate sodium
cooler fan,cooler fan
coupling casing,coupling casing
cp de,cp de
drum silica,drum silica
drum steam,drum steam
flow dropped,flow dropped
flow stepped,flow step
gen temp,generator temperature
gt exhaust,gt exhaust
hp sat,hp sat
hpt cv,hpt cv
intercooler outlet,intercooler outlet
lo filter,lo filter
load increase,load increase
lp fw,lp fw
mechanical model,mechanical model
motor inboard,motor inboard
outboard vib,outboard vibration
pump outboard,pump outboard
seal vent,seal vent
sensor turb,sensor turbine
steam spec,steam spec
suction scrubber,suction scrubber
temp cold,temperature cold
temp differential,temperature differential
temp sensor,temperature sensor
temperature issues,temperature issue
temperature stepped,temperature step
temperature tracks,temperature track
th startup,th startup
tia pv,tia pv
valve command,valve command
vent flow,vent flow
vib seis,vibration seismic
adapted data,adaptation data
average exhaust,average exhaust
axial shaft,axial shaft
bfp recirc,bfp recirc
brg drain,bearing drain
charge air,charge air
cleared geip,cleared geip
condenser pressure,condensate pressure
consistently reading,consistently read
consistently trending,consistently trend
cooler temp,cooler temperature
ctrl valve,control valve
current conditions,current condition
discharge pressures,discharge pressure
drum differential,drum differential
engine speed,engine speed
exhaust duct,exhaust duct
fr tt,fr tt
fuel temperature,fuel temperature
generator drive,generator drive
heater drain,heater drain
inbrd brg,inbrd bearing
load dropped,load dropped
low values,low values
lp superheater,lp superheater
mtr outboard,motor outboard
pmp mtr,pump motor
position shifted,position shifted
posted itl,post itl
pressure reading,pressure read
pump disch,pump discharge
read erratic,read erratic
reporting data,reporting data
sat steam,sat steam
seal flow,seal flow
stm temp,stm temperature
suction discharge,suction discharge
suction drum,suction drum
tag flatlined,tag flatline
temps track,temperature track
turb ob,turbine ob
unit lower,unit lower
vibration issues,vibration issue
vibration sensors,vibration sensor
vibration transducer,vibration transducer
vibrations stepped,vibration step
water inlet,water inlet
wheel motor,wheel motor
alias wheel,alias wheel
ao temperature,ao temperature
bearing vibs,bearing vibration
casing vibrations,casing vibration
circ wtr,circ water
conditions persist,condition persist
control oil,control oil
core monitor,core monitor
current readings,current read
current spread,current spread
cv diff,cv difference
data feed,data feed
decreased bearing,decrease bearing
discharge temps,discharge temperature
dissolved oxygen,dissolved oxygen
economizer outlet,economizer outlet
engine charge,engine charge
exhaust bearing,exhaust bearing
exhibited erratic,exhibited erratic
flow tag,flow tag
gas concentration,gas concentration
hp spray,hp spray
inactive temp,inactive temperature
inlet pressures,inlet pressure
ip feedwater,ip feedwater
ip rh,ip rh
ip stm,ip stm
load run,load run
lp htr,lp htr
lp turb,lp turbine
mill current,mill current
model bearing,model bearing
model ip,model ip
model lp,model lp
motor vibration,motor vibration
nde buffer,nde buffer
nde inner,nde inner
nde journal,nde journal
notification bp,notification bp
oil inlet,oil inlet
op cond,op cond
outlet steam,outlet steam
pi data,pi data
pos range,position range
predicted issue,predicted issue
press decreased,pressure decrease
pressure continues,pressure continues
radial vibrations,radial vibration
rotor vib,rotor vibration
rr notification,rr notification
seal drain,seal drain
shaft de,shaft de
shaft nde,shaft nde
start model,start model
temp cyl,temperature cylinder
temp decreases,temperature decrease
temp tia,temperature tia
temp tracking,temperature track
turbine inlet,turbine inlet
vib shaft,vibration shaft
vibrations decreased,vibration decrease
vibrations tracking,vibration track
air collector,air collector
ao temps,ao temperature
asset performance,asset performance
attemp outlet,attemperator outlet
bfp disch,bfp discharge
cep motor,cep motor
chip detectors,chip detector
compressor flow,compressor flow
compressor mechanical,compressor mechanical
condensate dissolved,condensate dissolved
de temp,de temperature
drum temp,drum temperature
exciter bearing,exciter bearing
exhaust press,exhaust pressure
flow reading,flow read
fw inlet,fw inlet
fw lcv,fw lcv
gas discharge,gas discharge
generator journal,generator journal
hp desuperheater,hp desuperheater
hrsg rh,hrsg rh
interstage temperature,interstage temperature
low pressure,low pressure
lp compressor,lp compressor
lp econ,lp econ
lp heater,lp heater
lp separator,lp separator
lp vib,lp vibration
magnetic bearing,magnetic bearing
mtr ob,motor ob
nde temp,nde temperature
nde vib,nde vibration
packing dp,packing dp
ph hp,ph hp
phase winding,phase wind
pi read,pi read
pmp de,pump de
position spiked,position spike
position tag,position tag
position tags,position tag
pressure control,pressure control
pump vibrations,pump vibration
read pi,read pi
reading correctly,read correct
rear gear,rear gear
remained flatlined,remained flatline
sp htr,sp htr
srv valve,srv valve
steam model,steam model
stg brg,stage bearing
stm spec,stm spec
tag dates,tag dates
temp control,temperature control
temp hot,temperature hot
temp tracked,temperature track
temp trending,temperature trend
vent pressure,vent pressure
wtr spec,water spec
air differential,air differential
bearing journal,bearing journal
brg vert,bearing vertical
cooler inlet,cooler inlet
cylinder bank,cylinder bank
discharge dp,discharge dp
drum cat,drum cat
drum lvl,drum level
electrical alias,electrical alias
erratically ranging,erratic range
fan speed,fan speed
fi pv,fi pv
flatline data,flatline data
flow remained,flow remained
fuel liquid,fuel liquid
fuel temp,fuel temperature
fw conductivity,fw conductivity
gas generator,gas generator
gas temps,gas temperature
gen rotor,generator rotor
gen turb,generator turbine
gen winding,generator wind
hottest rtd,hottest rtd
hrsg fwpb,hrsg fwpb
inboard vibration,inboard vibration
increasing reaching,increase reaches
ip sat,ip sat
jacket water,jacket water
load ramp,load ramp
lp cooling,lp cooling
lp economizer,lp economizer
mill mtr,mill motor
model projected,model projected
motor temperature,motor temperature
mt ssc,motor ssc
nde generator,nde generator
ongoing issue,ongoing issue
outer leak,outer leak
position demand,position demand
press cv,pressure cv
press xmtr,pressure xmtr
pressure transducer,pressure transducer
read values,read values
reading consistently,read consistently
short run,short run
slight increase,slight increase
slowly decreasing,slowly decrease
st ctrl,st control
steam conductivity,steam conductivity
steam press,steam pressure
stm drum,stm drum
stm flow,stm flow
suction water,suction water
tag ims,tag ims
temperature remained,temperature remained
temperature tia,temperature tia
temperature tracking,temperature track
tracking poorly,track poor
trending downward,trend downward
trip occured,trip occured
turbine cooling,turbine cooling
unit load,unit load
vert shaft,vertical shaft
vibration spike,vibration spike
water cv,water cv
xq hrsg,xq hrsg
adapted faulted,adaptation faulted
agb chip,agb chip
air compressor,air compressor
alias ip,alias ip
alias thrust,alias thrust
barrel temp,barrel temperature
bfp thrust,bfp thrust
bp castellon,bp castellon
brg vibs,bearing vibration
cep mtr,cep motor
combustion exhaust,combustion exhaust
compressor interstage,compressor interstage
compressor shaft,compressor shaft
cond pmp,cond pump
data model,data model
data range,data range
de vibration,de vibration
demand position,demand position
disch temp,discharge temperature
dp continues,dp continues
drum cv,drum cv
elevated vibrations,elevated vibration
erratically dropping,erratic dropped
erratically spiking,erratic spike
fan bearing,fan bearing
fi cp,fi cp
fo temperature,fo temperature
fwpa pmp,fwpa pump
gas mass,gas mass
gt turbine,gt turbine
gtdl vib,gtdl vibration
hp compressor,hp compressor
hydraulic control,hydraulic control
hydrogen pressure,hydrogen pressure
inactive mtl,inactive metal
inlet valve,inlet valve
inner barrel,inner barrel
intensity detector,intensity detector
intermittently dropping,intermittent dropped
ip attemp,ip attemperator
ip boiler,ip boiler
ip desup,ip desuperheater
ip economizer,ip economizer
journal vibration,journal vibration
lp sat,lp sat
model cooling,model cooling
model turbine,model turbine
motor speed,motor speed
mtr temp,motor temperature
nde outer,nde outer
oil pump,oil pump
peak pressure,peak pressure
pmp nde,pump nde
position reading,position read
purity decreased,purity decrease
reliable data,reliable data
residual threshold,residual threshold
rh inlet,rh inlet
rot vib,rot vibration
rotor cooling,rotor cooling
shaft bearing,shaft bearing
shaft position,shaft position
st brg,st bearing
st generator,st generator
teg duct,teg duct
temp phase,temperature phase
temp reading,temperature read
temp tc,temperature thermocouple
temp thrust,temperature thrust
temp turbine,temperature turbine
temperature core,temperature core
temperature flatlined,temperature flatline
temps tracking,temperature track
track low,track low
turbine inner,turbine inner
upward trend,upward trend
versus model,versus model
vert vib,vertical vibration
vert vibration,vertical vibration
vertical vibrations,vertical vibration
vib prox,vibration prox
vibration bdm,vibration bdm
vibration probes,vibration probe
vlv diff,valve difference
waterbox lp,waterbox lp
wheelspace fi,wheelspace fi
xq gen,xq generator
bearing metal temp,bearing metal temperature
brg mtl temp,bearing metal temperature
bearing metal temperature,bearing metal temperature
gen bearing temp,generator bearing temperature
thrust bearing temperature,thrust bearing temperature
generator bearing temperature,generator bearing temperature
fuel delivery pressure,fuel delivery pressure
thrust bearing temp,thrust bearing temperature
inactive thrust bearing,inactive thrust bearing
model performance tag,model performance tag
lube oil pressure,lube oil pressure
inlet bleed heat,inlet bleed heat
issue persists issue,issue persist issue
lube oil temperature,lube oil temperature
control valve position,control valve position
persists issue persists,persist issue persist
oil filter dp,oil filter dp
seal outlet flow,seal outlet flow
brg metal temp,bearing metal temperature
fuel gas flow,fuel gas flow
lube oil filter,lube oil filter
hp drum ph,hp drum ph
motor stator temp,motor stator temperature
lube oil cooler,lube oil cooler
bleed heat valve,bleed heat valve
rotor fan dp,rotor fan dp
bearing oil drain,bearing oil drain
gas control valve,gas control valve
oil drain temp,oil drain temperature
rear gen bearing,rear generator bearing
compressor inlet pressure,compressor inlet pressure
ib brg temp,ib bearing temperature
bearing axial position,bearing axial position
model mechanical tag,model mechanical tag
rear strut pressure,rear strut pressure
bearing temperature nde,bearing temperature nde
hp drum fw,hp drum fw
nde bearing temperature,nde bearing temperature
ob brg temp,ob bearing temperature
ob bearing temp,ob bearing temperature
thrust bearing axial,thrust bearing axial
fuel gas control,fuel gas control
bearing metal temps,bearing metal temperature
prefilter fuel pressure,prefilter fuel pressure
de bearing temperature,de bearing temperature
ip drum fw,ip drum fw
nde seal outlet,nde seal outlet
thrust brg temp,thrust bearing temperature
ib bearing temp,ib bearing temperature
duct burner spread,duct burner spread
hrsg inlet gas,hrsg inlet gas
de seal outlet,de seal outlet
generator bearing metal,generator bearing metal
generator bearing temp,generator bearing temperature
lo temp bearing,lo temperature bearing
gas outlet temp,gas outlet temperature
ip drum ph,ip drum ph
lp steam flow,lp steam flow
motor ib bearing,motor ib bearing
turbine temperature wheelspace,turbine temperature wheelspace
duct burner fuel,duct burner fuel
oil drain temperature,oil drain temperature
spray valve position,spray valve position
ip fw flow,ip fw flow
model performance alias,model performance alias
motor ib brg,motor ib bearing
thrust bearing metal,thrust bearing metal
thrust bearing position,thrust bearing position
heating control valve,heat control valve
bearing drain temp,bearing drain temperature
hp fw flow,hp fw flow
brg oil drain,bearing oil drain
inlet heating control,inlet heat control
lube oil temp,lube oil temperature
ob brg vib,ob bearing vibration
pressure steam alias,pressure steam alias
compressor outlet temp,compressor outlet temperature
flow valve position,flow valve position
journal bearing temperature,journal bearing temperature
motor ob brg,motor ob bearing
temp bearing drain,temperature bearing drain
axial position sensor,axial position sensor
burner fuel gas,burner fuel gas
core fuel delivery,core fuel delivery
delivery pressure core,delivery pressure core
drum fw lvl,drum fw level
ib brg vib,ib bearing vibration
inlet gas press,inlet gas pressure
motor ob bearing,motor ob bearing
pressure core fuel,pressure core fuel
suction strainer dp,suction strainer dp
duct burner outlet,duct burner outlet
fw lvl ctrl,fw level control
gear bearing temp,gear bearing temperature
pressure steam tag,pressure steam tag
drum fw flow,drum fw flow
fwp lube oil,fw pump lube oil
gt vibration sensor,gt vibration sensor
ip blowdown silica,ip blowdown silica
pump ib brg,pump ib bearing
rotor fan differential,rotor fan differential
turbine bearing vibrations,turbine bearing vibration
inlet filter dp,inlet filter dp
lp drum fw,lp drum fw
lube oil tank,lube oil tank
lvl ctrl vlv,level control valve
nde brg vib,nde bearing vibration
pump ob bearing,pump ob bearing
estimate rear gen,estimate rear generator
hp steam drum,hp steam drum
model estimate rear,model estimate rear
bearing temperature de,bearing temperature de
control valve demand,control valve demand
cooler outlet temperature,cooler outlet temperature
fw pmp axial,fw pump axial
hp attemperator spray,hp attemperator spray
hp sh dsh,hp sh dsh
hrsg drum spec,hrsg drum spec
pmp axial probe,pump axial probe
air delta press,air delta pressure
alias fuel gas,alias fuel gas
heat valve differential,heat valve differential
model perf alias,model performance alias
oil cooler outlet,oil cooler outlet
steam alias hp,steam alias hp
condition persists condition,condition persist condition
de brg vib,de bearing vibration
filter diff press,filter difference pressure
gearbox oil temp,gearbox oil temperature
motor winding temp,motor wind temperature
attemperator spray flow,attemperator spray flow
drain valve position,drain valve position
exhaust temperature spread,exhaust temperature spread
filter differential pressure,filter differential pressure
generator rotor fan,generator rotor fan
gg exhaust temp,gg exhaust temperature
model combustor performance,model combustor performance
model compressor performance,model compressor performance
nde bearing temp,nde bearing temperature
persists condition persists,persist condition persist
pump ob brg,pump ob bearing
recirc valve position,recirc valve position
turb exh temp,turbine exhaust temperature
attemperator outlet temperature,attemperator outlet temperature
condition continues condition,condition continues condition
cooler water flow,cooler water flow
drum boiler water,drum boiler water
fw flow valve,fw flow valve
hp drum conductivity,hp drum conductivity
hpt control valve,hpt control valve
lp drum ph,lp drum ph
model perf tag,model performance tag
motor stator temperature,motor stator temperature
tracking pretty accurately,track pretty accurately
turbine bearing tunnel,turbine bearing tunnel
water injection flow,water injection flow
air filter dp,air filter dp
continues condition continues,continues condition continues
control valve differential,control valve differential
drum sp cond,drum sp cond
dsh outlet temperature,dsh outlet temperature
fuel gas pressure,fuel gas pressure
gen bearing metal,generator bearing metal
motor winding temperature,motor wind temperature
oil cooler oil,oil cooler oil
outlet temp range,outlet temperature range
seal gas filter,seal gas filter
water jacket inlet,water jacket inlet
attemp spray valve,attemperator spray valve
exh gas temp,exhaust gas temperature
hot air damper,hot air damper
hrsg outlet temp,hrsg outlet temperature
motor nde brg,motor nde bearing
temp ti pv,temperature ti pv
turb lo temp,turbine lo temperature
turbine exhaust pressure,turbine exhaust pressure
turbine thrust bearing,turbine thrust bearing
antisurge valve position,antisurge valve position
attemperator spray valve,attemperator spray valve
cooler oil outlet,cooler oil outlet
de journal bearing,de journal bearing
exhaust gas temp,exhaust gas temperature
fan ib brg,fan ib bearing
gas delta press,gas delta pressure
gas filter dp,gas filter dp
gas inlet pressure,gas inlet pressure
generator de bearing,generator de bearing
hrsg ip drum,hrsg ip drum
inlet air filter,inlet air filter
intercooler coolant pressure,intercooler coolant pressure
low speed shaft,low speed shaft
model mechanical alias,model mechanical alias
mt cv range,motor cv range
oil drain temps,oil drain temperature
pump discharge pressure,pump discharge pressure
pump ib bearing,pump ib bearing
temp mt cv,temperature motor cv
turb thrust brg,turbine thrust bearing
ah gas delta,ah gas delta
bearing tunnel temperature,bearing tunnel temperature
compressor inlet temperature,compressor inlet temperature
compressor performance tag,compressor performance tag
gas differential pressure,gas differential pressure
gear oil temp,gear oil temperature
gen lo temp,generator lo temperature
thrust bearing temps,thrust bearing temperature
thrust brg axial,thrust bearing axial
trained faulted data,train faulted data
brg vib seis,bearing vibration seismic
chiller cooling tower,chiller cooling tower
condition cleared closing,condition cleared close
de bearing temp,de bearing temperature
de seal dp,de seal dp
drum fw valve,drum fw valve
fan differential pressure,fan differential pressure
fuel gas temperature,fuel gas temperature
hp attemp spray,hp attemperator spray
hp drum sp,hp drum sp
ip drum conductivity,ip drum conductivity
ip steam flow,ip steam flow
jacket inlet pressure,jacket inlet pressure
model mech alias,model mechanical alias
motor bearing temperature,motor bearing temperature
ob bearing vibrations,ob bearing vibration
rotor vibration brg,rotor vibration bearing
sh dsh outlet,sh dsh outlet
thrust bearing inactive,thrust bearing inactive
burner outlet gas,burner outlet gas
ctrl vlv dmd,control valve dmd
delta temp cv,delta temperature cv
drum ph sample,drum ph sample
drum water ph,drum water ph
exhaust steam temperature,exhaust steam temperature
fuel gas inlet,fuel gas inlet
gt bearing metal,gt bearing metal
hp steam sodium,hp steam sodium
hrsg hp drum,hrsg hp drum
ib brg mtl,ib bearing metal
ip attemperator spray,ip attemperator spray
ip steam sodium,ip steam sodium
journal bearing temp,journal bearing temperature
lp drum press,lp drum pressure
model model performance,model model performance
motor current phase,motor current phase
motor stator temps,motor stator temperature
nde bearing vibrations,nde bearing vibration
ob brg mtl,ob bearing metal
oil outlet temp,oil outlet temperature
outboard bearing temp,outboard bearing temperature
outlet temp decreased,outlet temperature decrease
recycle valve demand,recycle valve demand
temp diff cv,temperature difference cv
turbine outlet temp,turbine outlet temperature
unit lower load,unit lower load
air outlet temp,air outlet temperature
bearing temp stepped,bearing temperature step
bearing temp tracks,bearing temperature track
bearing vibration sensor,bearing vibration sensor
control valve pos,control valve position
de bearing vibrations,de bearing vibration
desup outlet temp,desuperheater outlet temperature
driver thrust bearing,driver thrust bearing
engine charge air,engine charge air
exhaust temp spread,exhaust temperature spread
gas inlet temp,gas inlet temperature
gb driver thrust,gb driver thrust
gt vibration transducer,gt vibration transducer
hot gas temperature,hot gas temperature
intercooler outlet temperature,intercooler outlet temperature
ip drum water,ip drum water
model wheelspace performance,model wheelspace performance
nde journal bearing,nde journal bearing
outlet gas spread,outlet gas spread
outlet temp mt,outlet temperature motor
phase current spread,phase current spread
seal oil pressure,seal oil pressure
turb ob brg,turbine ob bearing
wheelspace ao temp,wheelspace ao temperature
ah air outlet,ah air outlet
alias compressor outlet,alias compressor outlet
ambient air temp,ambient air temperature
bearing temp decreased,bearing temperature decrease
cylinder exhaust temp,cylinder exhaust temperature
cylinder exhaust temperature,cylinder exhaust temperature
drum fw lcv,drum fw lcv
drum wtr spec,drum water spec
exhaust duct pressure,exhaust duct pressure
fan ib bearing,fan ib bearing
fluid coupling casing,fluid coupling casing
fw pmp mtr,fw pump motor
gas temperature spread,gas temperature spread
gearbox bearing temp,gearbox bearing temperature
generator journal bearing,generator journal bearing
generator nde bearing,generator nde bearing
heat valve position,heat valve position
hp drum boiler,hp drum boiler
hp spray flow,hp spray flow
inlet filter differential,inlet filter differential
ip rh dsh,ip rh dsh
motor outboard bearing,motor outboard bearing
mtr ob brg,motor ob bearing
nde bearing vibration,nde bearing vibration
nde inner seal,nde inner seal
performance alias exhaust,performance alias exhaust
pi read pi,pi read pi
read pi data,read pi data
rear gear bearing,rear gear bearing
rel vib shaft,rel vibration shaft
rotor vib brg,rotor vibration bearing
seal gas dp,seal gas dp
spray valve pos,spray valve position
steam cat cond,steam cat cond
wtr spec conductivity,water spec conductivity
air differential pressure,air differential pressure
bfp recirc valve,bfp recirc valve
bfp suction water,bfp suction water
brg axial pos,bearing axial position
brg drain temp,bearing drain temperature
brg temp decreased,bearing temperature decrease
combustor performance tag,combustor performance tag
compressor discharge temperature,compressor discharge temperature
condensate pump discharge,condensate pump discharge
control valve diff,control valve difference
cooling air differential,cooling air differential
de brg mtl,de bearing metal
desuperheater outlet temp,desuperheater outlet temperature
fuel gas temp,fuel gas temperature
gas discharge dp,gas discharge dp
gearbox oil temperature,gearbox oil temperature
gen winding temps,generator wind temperature
generator bearing temps,generator bearing temperature
hp drum differential,hp drum differential
hp fw cv,hp fw cv
hrsg stack temp,hrsg stack temperature
lo filter dp,lo filter dp
lp cooling air,lp cooling air
mill mtr ob,mill motor ob
model electrical alias,model electrical alias
mtr outboard vib,motor outboard vibration
nde seal inlet,nde seal inlet
oil filter diff,oil filter difference
oil filter pressure,oil filter pressure
pmp mtr outboard,pump motor outboard
pump axial position,pump axial position
seal filter dp,seal filter dp
seal outlet pressure,seal outlet pressure
spray water cv,spray water cv
st ctrl valve,st control valve
stg suction temp,stage suction temperature
valve servo current,valve servo current
wheelspace rd stg,wheelspace rd stage
agb chip detector,agb chip detector
attemp outlet temp,attemperator outlet temperature
bearing journal vibration,bearing journal vibration
bearing temp avg,bearing temperature average
boiler water ph,boiler water ph
burner outlet temperature,burner outlet temperature
cep mtr temp,cep motor temperature
coal air temp,coal air temperature
compressor discharge temp,compressor discharge temperature
compressor inlet press,compressor inlet pressure
cond pump disch,cond pump discharge
cooler discharge temperature,cooler discharge temperature
ctrl vlv pos,control valve position
cw waterbox lp,cw waterbox lp
de bearing vib,de bearing vibration
drain valve pos,drain valve position
drum cat cond,drum cat cond
fan ob bearing,fan ob bearing
flame intensity detector,flame intensity detector
gas mass flow,gas mass flow
generator bearing vibrations,generator bearing vibration
gtdl vib sensor,gtdl vibration sensor
hp attemp outlet,hp attemperator outlet
hp drum water,hp drum water
hp drum wtr,hp drum water
hp ip blowdown,hp ip blowdown
hrsg outlet temperature,hrsg outlet temperature
hydraulic control oil,hydraulic control oil
inactive metal temp,inactive metal temperature
inlet gas spread,inlet gas spread
inner barrel temp,inner barrel temperature
ip desup spray,ip desuperheater spray
ip steam outlet,ip steam outlet
journal bearing metal,journal bearing metal
journal bearing vibrations,journal bearing vibration
lo cooler outlet,lo cooler outlet
lp economizer outlet,lp economizer outlet
lube oil press,lube oil pressure
metal temp thrust,metal temperature thrust
metal temp turbine,metal temperature turbine
motor inboard bearing,motor inboard bearing
nde buffer gas,nde buffer gas
ob bearing vibration,ob bearing vibration
outlet gas temperature,outlet gas temperature
performance alias compressor,performance alias compressor
pump thrust bearing,pump thrust bearing
recycle valve position,recycle valve position
seal gas flow,seal gas flow
stator phase winding,stator phase wind
stator temp phase,stator temperature phase
steam flow decreased,steam flow decrease
turbine bearing vibration,turbine bearing vibration
turbine inner barrel,turbine inner barrel
drive generator bearing temp,drive generator bearing temperature
drive generator bearing temperature,drive generator bearing temperature
generator de bearing temperature,generator de bearing temperature
gen slipring bearing vib,generator slipring bearing vibration
rear gen bearing temp,rear generator bearing temperature
thrust bearing axial position,thrust bearing axial position
generator bearing temperature nde,generator bearing temperature nde
generator bearing metal temp,generator bearing metal temperature
generator bearing temperature de,generator bearing temperature de
