"","V1","V2"
"1","acceleration","acceleration"
"2","accurately","accurately"
"3","actioned","actioned"
"4","actuals","actuals"
"5","adaptation","adaptation"
"6","adapted","adaptation"
"7","additional","additional"
"8","addressed","addressed"
"9","advisory","advisories"
"10","ah","ah"
"11","ai","ai"
"12","air","air"
"13","alarm","alarm"
"14","alarms","alarm"
"15","alert","alert"
"16","alerting","alert"
"17","alerts","alert"
"18","alias","alias"
"19","ambient","ambient"
"20","ammonia","ammonia"
"21","analyzer","analyzer"
"22","antisurge","antisurge"
"23","ao","ao"
"24","aph","aph"
"25","asset","asset"
"26","assets","asset"
"27","attemp","attemperator"
"28","attemperator","attemperator"
"29","average","average"
"30","avg","average"
"31","axial","axial"
"32","backpressure","backpressure"
"33","bank","bank"
"34","baseline","baseline"
"35","baseload","baseload"
"36","bdm","bdm"
"37","bearing","bearing"
"38","bearings","bearing"
"39","bfp","bfp"
"40","bias","bias"
"41","bleed","bleed"
"42","blowdown","blowdown"
"43","bo","bo"
"44","boiler","boiler"
"45","booster","booster"
"46","bp","bp"
"47","brg","bearing"
"48","btgj","btgj"
"49","btj","btj"
"50","buffer","buffer"
"51","burner","burner"
"52","calibration","calibration"
"53","casing","casing"
"54","cat","cat"
"55","cation","cation"
"56","center","center"
"57","ch","ch"
"58","chart","chart"
"59","charts","chart"
"60","chiller","chiller"
"61","circ","circ"
"62","cleared","cleared"
"63","close","close"
"64","closed","close"
"65","closely","close"
"66","closing","close"
"67","cmm","cmm"
"68","co","co"
"69","coal","coal"
"70","cold","cold"
"71","collector","collector"
"72","combustion","combustion"
"73","combustor","combustor"
"74","command","command"
"75","comp","comp"
"76","compressor","compressor"
"77","concentration","concentration"
"78","cond","cond"
"79","condensate","condensate"
"80","condenser","condensate"
"81","condition","condition"
"82","conditions","condition"
"83","conductivity","conductivity"
"84","consistently","consistently"
"85","content","content"
"86","continues","continues"
"87","continuing","continues"
"88","control","control"
"89","controller","control"
"90","coolant","coolant"
"91","cooler","cooler"
"92","cooling","cooling"
"93","core","core"
"94","correct","correct"
"95","correctly","correct"
"96","correlate","correlate"
"97","correlates","correlate"
"98","correspond","correspond"
"99","counts","counts"
"100","coupling","coupling"
"101","ctg","ctg"
"102","ctrl","control"
"103","current","current"
"104","curtailed","curtailed"
"105","curtailment","curtailed"
"106","cv","cv"
"107","cw","cw"
"108","cycle","cycle"
"109","cycling","cycle"
"110","cyl","cylinder"
"111","cylinder","cylinder"
"112","cylinders","cylinder"
"113","damper","damper"
"114","data","data"
"115","datafeed","datafeed"
"116","dates","dates"
"117","day","day"
"118","de","de"
"119","decrease","decrease"
"120","decreased","decrease"
"121","decreases","decrease"
"122","decreasing","decrease"
"123","delivery","delivery"
"124","delta","delta"
"125","demand","demand"
"126","desup","desuperheater"
"127","desuperheater","desuperheater"
"128","detector","detector"
"129","detectors","detector"
"130","deviate","deviate"
"131","deviated","deviate"
"132","deviating","deviate"
"133","deviation","deviate"
"134","deviations","deviate"
"135","diff","difference"
"136","differential","differential"
"137","disc","disc"
"138","disch","discharge"
"139","discharge","discharge"
"140","displacement","displacement"
"141","displaying","displaying"
"142","dissolved","dissolved"
"143","dmd","dmd"
"144","downward","downward"
"145","dp","dp"
"146","drain","drain"
"147","drive","drive"
"148","driver","driver"
"149","dropped","dropped"
"150","dropping","dropped"
"151","drum","drum"
"152","dsh","dsh"
"153","duct","duct"
"154","econ","econ"
"155","economizer","economizer"
"156","efficiency","efficiency"
"157","electrical","electrical"
"158","elevated","elevated"
"159","engine","engine"
"160","erratic","erratic"
"161","erratically","erratic"
"162","estimate","estimate"
"163","estimated","estimate"
"164","estimates","estimate"
"165","exceeded","exceeded"
"166","exceeding","exceeded"
"167","exciter","exciter"
"168","exh","exhaust"
"169","exhaust","exhaust"
"170","exhibited","exhibited"
"171","exhibiting","exhibited"
"172","fan","fan"
"173","fans","fan"
"174","faulted","faulted"
"175","fd","fd"
"176","february","february"
"177","feed","feed"
"178","feedwater","feedwater"
"179","fi","fi"
"180","filter","filter"
"181","firing","firing"
"182","fixed","fixed"
"183","flame","flame"
"184","flat","flat"
"185","flatline","flatline"
"186","flatlined","flatline"
"187","flatlines","flatline"
"188","flatlining","flatline"
"189","flow","flow"
"190","flows","flow"
"191","fluctuate","fluctuate"
"192","fluctuating","fluctuate"
"193","fluctuations","fluctuate"
"194","flue","flue"
"195","fluid","fluid"
"196","fo","fo"
"197","fr","fr"
"198","frequently","frequently"
"199","fuel","fuel"
"200","fw","fw"
"201","fwh","fwh"
"202","fwp","fw pump"
"203","gas","gas"
"204","gb","gb"
"205","gear","gear"
"206","gearbox","gearbox"
"207","geip","geip"
"208","gen","generator"
"209","generator","generator"
"210","gg","gg"
"211","gradually","gradual"
"212","gross","gross"
"213","gt","gt"
"214","heat","heat"
"215","heater","heater"
"216","heating","heat"
"217","hg","hg"
"218","historical","historical"
"219","historically","historical"
"220","ho","ho"
"221","horizontal","horizontal"
"222","hot","hot"
"223","hotter","hotter"
"224","hottest","hottest"
"225","hotwell","hotwell"
"226","hp","hp"
"227","hpt","hpt"
"228","hrsg","hrsg"
"229","hrsgs","hrsgs"
"230","hs","hs"
"231","ht","ht"
"232","htr","htr"
"233","hydraulic","hydraulic"
"234","hydrogen","hydrogen"
"235","ib","ib"
"236","igv","igv"
"237","improved","improved"
"238","ims","ims"
"239","inactive","inactive"
"240","inboard","inboard"
"241","incidents","incidents"
"242","increase","increase"
"243","increases","increase"
"244","increasing","increase"
"245","industrial","industrial"
"246","inh","inh"
"247","inho","inho"
"248","injection","injection"
"249","inlet","inlet"
"250","inline","inline"
"251","inner","inner"
"252","instances","instances"
"253","instrument","instrument"
"254","instrumentation","instrument"
"255","intermittent","intermittent"
"256","intermittently","intermittent"
"257","interstage","interstage"
"258","ip","ip"
"259","issue","issue"
"260","issues","issue"
"261","itl","itl"
"262","jacket","jacket"
"263","journal","journal"
"264","lagging","lagging"
"265","late","late"
"266","lb","lb"
"267","leak","leak"
"268","lined","lined"
"269","liquid","liquid"
"270","lo","lo"
"271","load","load"
"272","loss","loss"
"273","low","low"
"274","lower","lower"
"275","lp","lp"
"276","lube","lube"
"277","lvl","level"
"278","machine","machine"
"279","magnitude","magnitude"
"280","mass","mass"
"281","max","maximum"
"282","mech","mechanical"
"283","mechanical","mechanical"
"284","metal","metal"
"285","mill","mill"
"286","mills","mill"
"287","model","model"
"288","models","model"
"289","monitor","monitor"
"290","monitoring","monitor"
"291","motor","motor"
"292","mt","motor"
"293","mtl","metal"
"294","mtr","motor"
"295","nan","nan"
"296","nans","nan"
"297","nde","nde"
"298","notification","notification"
"299","nox","nox"
"300","ob","ob"
"301","observed","observed"
"302","occasionally","occasionally"
"303","occured","occured"
"304","occurring","occured"
"305","oil","oil"
"306","ongoing","ongoing"
"307","op","op"
"308","operational","operational"
"309","oscillating","oscillating"
"310","outboard","outboard"
"311","outer","outer"
"312","outlet","outlet"
"313","par","par"
"314","pattern","pattern"
"315","pdi","pdi"
"316","peak","peak"
"317","peaked","peak"
"318","peaks","peak"
"319","perf","performance"
"320","performance","performance"
"321","periodically","periodically"
"322","periods","periodically"
"323","persist","persist"
"324","persisted","persist"
"325","persists","persist"
"326","ph","ph"
"327","phase","phase"
"328","pi","pi"
"329","piston","piston"
"330","pmp","pump"
"331","poor","poor"
"332","poorly","poor"
"333","pos","position"
"334","position","position"
"335","positions","position"
"336","positive","position"
"337","post","post"
"338","posted","post"
"339","power","power"
"340","prc","prc"
"341","predicted","predicted"
"342","prediction","predicted"
"343","predictions","predicted"
"344","prefilter","prefilter"
"345","preheater","preheater"
"346","press","pressure"
"347","pressure","pressure"
"348","pressures","pressure"
"349","pretty","pretty"
"350","priority","priority"
"351","probe","probe"
"352","probes","probe"
"353","process","process"
"354","producing","producing"
"355","projected","projected"
"356","prox","prox"
"357","pump","pump"
"358","pumps","pump"
"359","purity","purity"
"360","pv","pv"
"361","radial","radial"
"362","ramp","ramp"
"363","range","range"
"364","ranged","range"
"365","ranges","range"
"366","ranging","range"
"367","rapid","rapid"
"368","rapidly","rapid"
"369","rd","rd"
"370","reaches","reaches"
"371","reaching","reaches"
"372","read","read"
"373","reading","read"
"374","readings","read"
"375","reads","read"
"376","rear","rear"
"377","recirc","recirc"
"378","recovered","recovered"
"379","recycle","recycle"
"380","rel","rel"
"381","relatively","relatively"
"382","remained","remained"
"383","removed","removed"
"384","repaired","repair"
"385","reporting","reporting"
"386","residual","residual"
"387","residuals","residual"
"388","resolve","resolve"
"389","restart","restart"
"390","restarted","restart"
"391","returns","returns"
"392","rh","rh"
"393","rising","rising"
"394","rose","rose"
"395","rot","rot"
"396","rotor","rotor"
"397","rtd","rtd"
"398","run","run"
"399","sample","sample"
"400","sat","sat"
"401","seal","seal"
"402","seis","seismic"
"403","sensor","sensor"
"404","sensors","sensor"
"405","servo","servo"
"406","sh","sh"
"407","shaft","shaft"
"408","shell","shell"
"409","shield","shield"
"410","shifted","shifted"
"411","shifts","shifted"
"412","short","short"
"413","siemens","siemens"
"414","signal","signal"
"415","silica","silica"
"416","slight","slight"
"417","slowly","slowly"
"418","smartsignal","smartsignal"
"419","sodium","sodium"
"420","sp","sp"
"421","spec","spec"
"422","speed","speed"
"423","spike","spike"
"424","spiked","spike"
"425","spikes","spike"
"426","spiking","spike"
"427","spray","spray"
"428","spread","spread"
"429","spreads","spread"
"430","ssc","ssc"
"431","st","st"
"432","stack","stack"
"433","start","start"
"434","starts","start"
"435","startup","startup"
"436","startups","startup"
"437","stator","stator"
"438","steadily","steadily"
"439","steady","steady"
"440","steam","steam"
"441","step","step"
"442","stepped","step"
"443","stepping","step"
"444","stg","stage"
"445","stm","stm"
"446","stopped","stopped"
"447","strainer","strainer"
"448","street","street"
"449","stripe","stripe"
"450","strut","strut"
"451","suction","suction"
"452","sump","sump"
"453","superheater","superheater"
"454","swinging","swinging"
"455","tag","tag"
"456","tags","tag"
"457","tank","tank"
"458","tc","thermocouple"
"459","temp","temperature"
"460","temperature","temperature"
"461","temps","temperature"
"462","th","th"
"463","thermocouple","thermocouple"
"464","thermocouples","thermocouple"
"465","threshold","threshold"
"466","throughout","throughout"
"467","thrust","thrust"
"468","ti","ti"
"469","tia","tia"
"470","timeframe","timeframe"
"471","tmp","temperature"
"472","tower","tower"
"473","towers","tower"
"474","traced","traced"
"475","track","track"
"476","tracked","track"
"477","tracking","track"
"478","tracks","track"
"479","train","train"
"480","trained","train"
"481","transmitter","transmitter"
"482","transmitters","transmitter"
"483","trend","trend"
"484","trended","trend"
"485","trending","trend"
"486","trip","trip"
"487","truck","truck"
"488","tt","tt"
"489","ttwsao","ttwsao"
"490","ttxd","ttxd"
"491","tube","tube"
"492","turb","turbine"
"493","turbine","turbine"
"494","turbines","turbine"
"495","unchanged","unchanged"
"496","unit","unit"
"497","upward","upward"
"498","values","values"
"499","valve","valve"
"500","valves","valve"
"501","variable","variable"
"502","varying","varying"
"503","vent","vent"
"504","versus","versus"
"505","vib","vibration"
"506","vibe","vibe"
"507","vibes","vibe"
"508","vibration","vibration"
"509","vibrations","vibration"
"510","vibs","vibration"
"511","vlv","valve"
"512","voltage","volts"
"513","water","water"
"514","waterbox","waterbox"
"515","wheel","wheel"
"516","wheelspace","wheelspace"
"517","wind","wind"
"518","winding","wind"
"519","wsao","wsao"
"520","wtr","water"
"521","xmtr","xmtr"
"522","xq","xq"
"523","cp","cp"
"524","cep","cep"
"525","agb","agb"
"526","vert","vertical"
"527","magnetic","magnetic"
"528","smart","smart"
"529","unstable","unstable"
"530","acoustic","acoustic"
"531","gradual","gradual"
"532","rr","rr"
"533","vertical","vertical"
"534","reliable","reliable"
"535","apparent","apparent"
"536","fwpb","fwpb"
"537","gec","gec"
"538","castellon","castellon"
"539","notable","notable"
"540","upset","upset"
"541","gtdl","gtdl"
"542","chip","chip"
"543","packing","packing"
"544","alternator","alternator"
"545","expander","expander"
"546","separator","separator"
"547","amplitude","amplitude"
"548","scrubber","scrubber"
"549","tunnel","tunnel"
"550","scanner","scanner"
"551","transducer","transducer"
"552","velocity","velocity"
"553","fpt","fpt"
"554","fp","fp"
"555","intercooler","intercooler"
"556","scavenge","scavenge"
"557","pulv","pulverizer"
"558","cst","cst"
"559","gaphoss","gaphoss"
"560","lcv","lcv"
"561","angle","angle"
"562","reservoir","reservoir"
"563","rule","rule"
"564","bd","bd"
"565","inbrd","inbrd"
"566","srv","srv"
"567","turbo","turbo"
"568","cdt","cdt"
"569","enclosure","enclosure"
"570","intensity","intensity"
"571","oxygen","oxygen"
"572","bed","bed"
"573","charge","charge"
"574","device","device"
"575","fcv","fcv"
"576","cell","cell"
"577","filters","filter"
"578","mark","mark"
"579","nacelle","nacelle"
"580","pulverizer","pulverizer"
"581","teg","teg"
"582","vacuum","vacuum"
"583","bst","bst"
"584","cut","cut"
"585","fairly","fairly"
"586","horiz","horizontal"
"587","para","para"
"588","pc","pc"
"589","reheat","reheat"
"590","thresholds","threshold"
"591","trucks","truck"
"592","box","box"
"593","brgx","bearing"
"594","downwards","downward"
"595","fwpa","fwpa"
"596","nearly","nearly"
"597","plant","plant"
"598","server","server"
"599","brgy","bearing"
"600","comb","comb"
"601","egt","egt"
"602","health","health"
"603","reactive","reactive"
"604","reboiler","reboiler"
"605","repair","repair"
"606","setpoint","setpoint"
"607","tcaphoss","tcaphoss"
"608","upwards","upward"
"609","advisories","advisories"
"610","barrel","barrel"
"611","beds","bed"
"612","exchanger","exchanger"
"613","export","export"
"614","instruments","instrument"
"615","investigation","investigation"
"616","loop","loop"
"617","pri","pri"
"618","scr","scr"
"619","seals","seal"
"620","model estimate","model estimate"
"621","bearing temp","bearing temperature"
"622","thrust bearing","thrust bearing"
"623","bearing temperature","bearing temperature"
"624","lube oil","lube oil"
"625","bearing metal","bearing metal"
"626","hp drum","hp drum"
"627","valve position","valve position"
"628","bearing vibrations","bearing vibration"
"629","ip drum","ip drum"
"630","metal temp","metal temperature"
"631","axial position","axial position"
"632","model prediction","model predicted"
"633","generator bearing","generator bearing"
"634","fuel gas","fuel gas"
"635","control valve","control valve"
"636","outlet temp","outlet temperature"
"637","model estimates","model estimate"
"638","brg vib","bearing vibration"
"639","metal temperature","metal temperature"
"640","filter dp","filter dp"
"641","bearing vibration","bearing vibration"
"642","exhaust temp","exhaust temperature"
"643","brg temp","bearing temperature"
"644","condition persists","condition persist"
"645","gen bearing","generator bearing"
"646","model predictions","model predicted"
"647","lp drum","lp drum"
"648","outlet temperature","outlet temperature"
"649","mtl temp","metal temperature"
"650","bearing temps","bearing temperature"
"651","exhaust spread","exhaust spread"
"652","drain temp","drain temperature"
"653","model predicted","model predicted"
"654","issue persists","issue persist"
"655","ambient temperature","ambient temperature"
"656","thrust brg","thrust bearing"
"657","duct burner","duct burner"
"658","brg mtl","bearing metal"
"659","motor current","motor current"
"660","steam flow","steam flow"
"661","unit start","unit start"
"662","differential pressure","differential pressure"
"663","exhaust tc","exhaust thermocouple"
"664","inlet pressure","inlet pressure"
"665","nde bearing","nde bearing"
"666","unit run","unit run"
"667","inlet temp","inlet temperature"
"668","discharge pressure","discharge pressure"
"669","drum ph","drum ph"
"670","ob bearing","ob bearing"
"671","oil pressure","oil pressure"
"672","performance tag","performance tag"
"673","turbine bearing","turbine bearing"
"674","gross load","gross load"
"675","de bearing","de bearing"
"676","motor stator","motor stator"
"677","model performance","model performance"
"678","oil drain","oil drain"
"679","temp decreased","temperature decrease"
"680","drum fw","drum fw"
"681","fw flow","fw flow"
"682","hydrogen purity","hydrogen purity"
"683","ip steam","ip steam"
"684","ib bearing","ib bearing"
"685","vibration sensor","vibration sensor"
"686","exhaust temperature","exhaust temperature"
"687","oil temperature","oil temperature"
"688","compressor inlet","compressor inlet"
"689","oil filter","oil filter"
"690","stator temp","stator temperature"
"691","suction temperature","suction temperature"
"692","de seal","de seal"
"693","gradually increasing","gradual increase"
"694","ob brg","ob bearing"
"695","journal bearing","journal bearing"
"696","discharge temperature","discharge temperature"
"697","ib brg","ib bearing"
"698","gas flow","gas flow"
"699","reporting values","reporting values"
"700","oil temp","oil temperature"
"701","thrust position","thrust position"
"702","lp steam","lp steam"
"703","ao temp","ao temperature"
"704","hp steam","hp steam"
"705","ammonia flow","ammonia flow"
"706","inactive thrust","inactive thrust"
"707","low load","low load"
"708","seal outlet","seal outlet"
"709","mechanical tag","mechanical tag"
"710","nde seal","nde seal"
"711","gas temp","gas temperature"
"712","wind speed","wind speed"
"713","inlet temperature","inlet temperature"
"714","motor ib","motor ib"
"715","condition continues","condition continues"
"716","outlet flow","outlet flow"
"717","seal oil","seal oil"
"718","bearing drain","bearing drain"
"719","fuel delivery","fuel delivery"
"720","delivery pressure","delivery pressure"
"721","rotor fan","rotor fan"
"722","unit restart","unit restart"
"723","inlet bleed","inlet bleed"
"724","lo temp","lo temperature"
"725","spray flow","spray flow"
"726","steam temperature","steam temperature"
"727","wind turbine","wind turbine"
"728","diff press","difference pressure"
"729","model model","model model"
"730","reading erratic","read erratic"
"731","seal gas","seal gas"
"732","hp fw","hp fw"
"733","oil cooler","oil cooler"
"734","strut pressure","strut pressure"
"735","bearing vib","bearing vibration"
"736","bearing oil","bearing oil"
"737","bleed heat","bleed heat"
"738","brg metal","bearing metal"
"739","pump ib","pump ib"
"740","sensor issue","sensor issue"
"741","gas pressure","gas pressure"
"742","valve differential","valve differential"
"743","condition cleared","condition cleared"
"744","performance alias","performance alias"
"745","tracking erratically","track erratic"
"746","persists issue","persist issue"
"747","temp range","temperature range"
"748","temperature spread","temperature spread"
"749","suction pressure","suction pressure"
"750","model perf","model performance"
"751","reading erratically","read erratic"
"752","drain temperature","drain temperature"
"753","pump ob","pump ob"
"754","model mechanical","model mechanical"
"755","motor ob","motor ob"
"756","steam turbine","steam turbine"
"757","valve demand","valve demand"
"758","temp stepped","temperature step"
"759","pressure steam","pressure steam"
"760","gear bearing","gear bearing"
"761","ip fw","ip fw"
"762","spray valve","spray valve"
"763","steam temp","steam temperature"
"764","winding temp","wind temperature"
"765","fuel pressure","fuel pressure"
"766","hrsg hp","hrsg hp"
"767","hrsg inlet","hrsg inlet"
"768","metal temps","metal temperature"
"769","motor bearing","motor bearing"
"770","nde brg","nde bearing"
"771","gas control","gas control"
"772","pressure decreased","pressure decrease"
"773","faulted data","faulted data"
"774","valve pos","valve position"
"775","cooling air","cooling air"
"776","discharge flow","discharge flow"
"777","drain valve","drain valve"
"778","exhaust gas","exhaust gas"
"779","fw pump","fw pump"
"780","gas temperature","gas temperature"
"781","rear strut","rear strut"
"782","turbine exhaust","turbine exhaust"
"783","inlet gas","inlet gas"
"784","motor winding","motor wind"
"785","air temp","air temperature"
"786","fan dp","fan dp"
"787","heat valve","heat valve"
"788","inlet filter","inlet filter"
"789","reading lower","read lower"
"790","temperature sensor","temperature sensor"
"791","gen brg","generator bearing"
"792","bearing axial","bearing axial"
"793","diff cv","difference cv"
"794","exhaust temps","exhaust temperature"
"795","hrsg outlet","hrsg outlet"
"796","gearbox oil","gearbox oil"
"797","rear gen","rear generator"
"798","discharge temp","discharge temperature"
"799","flat lined","flat lined"
"800","lower load","lower load"
"801","de nde","de nde"
"802","delta press","delta pressure"
"803","winding temps","wind temperature"
"804","ambient temp","ambient temperature"
"805","gas outlet","gas outlet"
"806","gradually decreasing","gradual decrease"
"807","recirc valve","recirc valve"
"808","de brg","de bearing"
"809","ip blowdown","ip blowdown"
"810","model gas","model gas"
"811","temperature decreased","temperature decrease"
"812","air flow","air flow"
"813","coolant pressure","coolant pressure"
"814","cooler outlet","cooler outlet"
"815","temperature nde","temperature nde"
"816","turb brg","turbine bearing"
"817","hs rot","hs rot"
"818","ims gen","ims generator"
"819","turbine speed","turbine speed"
"820","hot air","hot air"
"821","water flow","water flow"
"822","brg oil","bearing oil"
"823","inlet air","inlet air"
"824","outboard bearing","outboard bearing"
"825","pressure core","pressure core"
"826","steadily increasing","steadily increase"
"827","buffer gas","buffer gas"
"828","fan ib","fan ib"
"829","flame detector","flame detector"
"830","gas press","gas pressure"
"831","radial bearing","radial bearing"
"832","reading flatlined","read flatline"
"833","trained data","train data"
"834","hrsg ip","hrsg ip"
"835","prefilter fuel","prefilter fuel"
"836","pump discharge","pump discharge"
"837","recycle valve","recycle valve"
"838","temp bearing","temperature bearing"
"839","trending low","trend low"
"840","vibration tags","vibration tag"
"841","drain temps","drain temperature"
"842","exhaust pressure","exhaust pressure"
"843","flow decreased","flow decrease"
"844","fw pmp","fw pump"
"845","gas inlet","gas inlet"
"846","gt vibration","gt vibration"
"847","historical values","historical values"
"848","motor nde","motor nde"
"849","steam pressure","steam pressure"
"850","steam sodium","steam sodium"
"851","temp spread","temperature spread"
"852","attemperator spray","attemperator spray"
"853","bearing position","bearing position"
"854","brg temps","bearing temperature"
"855","gearbox bearing","gearbox bearing"
"856","hrsg drum","hrsg drum"
"857","burner spread","burner spread"
"858","cooling tower","cooling tower"
"859","hp attemperator","hp attemperator"
"860","hrsg stack","hrsg stack"
"861","industrial prc","industrial prc"
"862","outlet temps","outlet temperature"
"863","rel vib","rel vibration"
"864","spec conductivity","spec conductivity"
"865","stator temperature","stator temperature"
"866","wheelspace temp","wheelspace temperature"
"867","burner outlet","burner outlet"
"868","cat cond","cat cond"
"869","hp attemp","hp attemperator"
"870","ims rot","ims rot"
"871","inboard bearing","inboard bearing"
"872","positive residuals","position residual"
"873","pressure dropped","pressure dropped"
"874","steam alias","steam alias"
"875","steam tag","steam tag"
"876","temperature differential","temperature differential"
"877","turbine temperature","turbine temperature"
"878","drum conductivity","drum conductivity"
"879","hot gas","hot gas"
"880","coal flow","coal flow"
"881","compressor outlet","compressor outlet"
"882","exh temp","exhaust temperature"
"883","flow valve","flow valve"
"884","flue gas","flue gas"
"885","spec cond","spec cond"
"886","strainer dp","strainer dp"
"887","air delta","air delta"
"888","burner fuel","burner fuel"
"889","ch vib","ch vibration"
"890","condensate pump","condensate pump"
"891","delta temp","delta temperature"
"892","hp sh","hp sh"
"893","max spread","maximum spread"
"894","outlet pressure","outlet pressure"
"895","steam drum","steam drum"
"896","stepped low","step low"
"897","suction temp","suction temperature"
"898","antisurge valve","antisurge valve"
"899","data trained","data train"
"900","fo temp","fo temperature"
"901","fuel flow","fuel flow"
"902","oil tank","oil tank"
"903","slowly increasing","slowly increase"
"904","temperature wheelspace","temperature wheelspace"
"905","axial probe","axial probe"
"906","chip detector","chip detector"
"907","exhaust spreads","exhaust spread"
"908","exhaust thermocouple","exhaust thermocouple"
"909","performance model","performance model"
"910","pump de","pump de"
"911","steam silica","steam silica"
"912","tracking model","track model"
"913","wheelspace ao","wheelspace ao"
"914","condenser backpressure","condensate backpressure"
"915","displaying erratic","displaying erratic"
"916","generator temp","generator temperature"
"917","injection flow","injection flow"
"918","mass flow","mass flow"
"919","model mech","model mechanical"
"920","model tag","model tag"
"921","outlet gas","outlet gas"
"922","pump thrust","pump thrust"
"923","stator temps","stator temperature"
"924","temp ti","temperature ti"
"925","ti pv","ti pv"
"926","winding temperature","wind temperature"
"927","blowdown silica","blowdown silica"
"928","combustion performance","combustion performance"
"929","ctrl vlv","control valve"
"930","drum spec","drum spec"
"931","gas filter","gas filter"
"932","heating control","heat control"
"933","model electrical","model electrical"
"934","model fuel","model fuel"
"935","position sensor","position sensor"
"936","suction flow","suction flow"
"937","suction strainer","suction strainer"
"938","temp dropped","temperature dropped"
"939","air inlet","air inlet"
"940","attemperator outlet","attemperator outlet"
"941","compressor discharge","compressor discharge"
"942","compressor performance","compressor performance"
"943","ctg brg","ctg bearing"
"944","cv pos","cv position"
"945","fd fan","fd fan"
"946","historical data","historical data"
"947","inlet heating","inlet heat"
"948","inlet press","inlet pressure"
"949","ip attemperator","ip attemperator"
"950","lo cooler","lo cooler"
"951","nde vibrations","nde vibration"
"952","pressure stepped","pressure step"
"953","sp cond","sp cond"
"954","temp increases","temperature increase"
"955","water injection","water injection"
"956","adaptation fuel","adaptation fuel"
"957","ambient temps","ambient temperature"
"958","cleared closing","cleared close"
"959","damper position","damper position"
"960","gg exhaust","gg exhaust"
"961","hrsg lp","hrsg lp"
"962","oil press","oil pressure"
"963","piston leak","piston leak"
"964","remained elevated","remained elevated"
"965","remained steady","remained steady"
"966","trending lower","trend lower"
"967","vib brg","vibration bearing"
"968","air temperature","air temperature"
"969","bfp suction","bfp suction"
"970","cold gas","cold gas"
"971","cooling water","cooling water"
"972","de vibrations","de vibration"
"973","exciter brg","exciter bearing"
"974","gear oil","gear oil"
"975","gt bearing","gt bearing"
"976","model compressor","model compressor"
"977","model wheelspace","model wheelspace"
"978","perf alias","performance alias"
"979","poor tracking","poor track"
"980","reading low","read low"
"981","rotor vibration","rotor vibration"
"982","temperature ti","temperature ti"
"983","vibration reading","vibration read"
"984","air damper","air damper"
"985","bearing vibes","bearing vibe"
"986","cation conductivity","cation conductivity"
"987","core fuel","core fuel"
"988","cylinder exhaust","cylinder exhaust"
"989","filter diff","filter difference"
"990","fw lvl","fw level"
"991","inlet flow","inlet flow"
"992","pdi pv","pdi pv"
"993","temperature sensors","temperature sensor"
"994","temperature tag","temperature tag"
"995","turbine wheelspace","turbine wheelspace"
"996","water ph","water ph"
"997","delta pressure","delta pressure"
"998","hrsg bfp","hrsg bfp"
"999","lvl ctrl","level control"
"1000","mill motor","mill motor"
"1001","outlet press","outlet pressure"
"1002","temp tracks","temperature track"
"1003","temp xmtr","temperature xmtr"
"1004","water temperature","water temperature"
"1005","wheelspace rd","wheelspace rd"
"1006","wheelspace st","wheelspace st"
"1007","air outlet","air outlet"
"1008","air pressure","air pressure"
"1009","blowdown ph","blowdown ph"
"1010","cond pump","cond pump"
"1011","drum water","drum water"
"1012","fan differential","fan differential"
"1013","fan ob","fan ob"
"1014","fluid coupling","fluid coupling"
"1015","fwp lube","fw pump lube"
"1016","perf model","performance model"
"1017","pump nde","pump nde"
"1018","read erratically","read erratic"
"1019","reporting nans","reporting nan"
"1020","speed shaft","speed shaft"
"1021","ambient air","ambient air"
"1022","brg vibration","bearing vibration"
"1023","estimate rear","estimate rear"
"1024","exh gas","exhaust gas"
"1025","exhibiting erratic","exhibited erratic"
"1026","low speed","low speed"
"1027","phase current","phase current"
"1028","recirc flow","recirc flow"
"1029","servo current","servo current"
"1030","tracked erratically","track erratic"
"1031","trending upward","trend upward"
"1032","turb exh","turbine exhaust"
"1033","turbine outlet","turbine outlet"
"1034","turbine thrust","turbine thrust"
"1035","alias fuel","alias fuel"
"1036","alias hp","alias hp"
"1037","cold air","cold air"
"1038","drum press","drum pressure"
"1039","drum sp","drum sp"
"1040","exhaust steam","exhaust steam"
"1041","flame scanner","flame scanner"
"1042","fw valve","fw valve"
"1043","gas spread","gas spread"
"1044","gg bearing","gg bearing"
"1045","model combustor","model combustor"
"1046","perf tag","performance tag"
"1047","stack temp","stack temperature"
"1048","stator phase","stator phase"
"1049","temp avg","temperature average"
"1050","temps decreased","temperature decrease"
"1051","vlv pos","valve position"
"1052","curtailment cleared","curtailed cleared"
"1053","cv range","cv range"
"1054","drum pressure","drum pressure"
"1055","duct pressure","duct pressure"
"1056","filter differential","filter differential"
"1057","flame intensity","flame intensity"
"1058","hp ip","hp ip"
"1059","lower ambient","lower ambient"
"1060","pmp axial","pump axial"
"1061","priority notification","priority notification"
"1062","pump bearing","pump bearing"
"1063","rh attemp","rh attemperator"
"1064","sh dsh","sh dsh"
"1065","stg suction","stage suction"
"1066","temp diff","temperature difference"
"1067","temperature de","temperature de"
"1068","tracking low","track low"
"1069","turbine brg","turbine bearing"
"1070","water jacket","water jacket"
"1071","wheelspace fo","wheelspace fo"
"1072","wheelspace temps","wheelspace temperature"
"1073","ah gas","ah gas"
"1074","condensate ph","condensate ph"
"1075","delta temperature","delta temperature"
"1076","erratic values","erratic values"
"1077","fi temp","fi temperature"
"1078","gas delta","gas delta"
"1079","gas fuel","gas fuel"
"1080","generator rotor","generator rotor"
"1081","hpt control","hpt control"
"1082","lp recirc","lp recirc"
"1083","mechanical alias","mechanical alias"
"1084","mt cv","motor cv"
"1085","oil outlet","oil outlet"
"1086","persists condition","persist condition"
"1087","seal inlet","seal inlet"
"1088","stator winding","stator wind"
"1089","temp continues","temperature continues"
"1090","tracking lower","track lower"
"1091","vib sensor","vibration sensor"
"1092","air filter","air filter"
"1093","attemp spray","attemperator spray"
"1094","brg axial","bearing axial"
"1095","circ water","circ water"
"1096","cooler oil","cooler oil"
"1097","dsh outlet","dsh outlet"
"1098","generator speed","generator speed"
"1099","hydraulic oil","hydraulic oil"
"1100","inner seal","inner seal"
"1101","outer temp","outer temperature"
"1102","pretty accurately","pretty accurately"
"1103","smart signal","smart signal"
"1104","steam cat","steam cat"
"1105","temperature dropped","temperature dropped"
"1106","temperature tags","temperature tag"
"1107","track erratically","track erratic"
"1108","tracking pretty","track pretty"
"1109","alias compressor","alias compressor"
"1110","coal air","coal air"
"1111","combustor performance","combustor performance"
"1112","cw waterbox","cw waterbox"
"1113","diff pressure","difference pressure"
"1114","erratic readings","erratic read"
"1115","filter pressure","filter pressure"
"1116","generator de","generator de"
"1117","generator stator","generator stator"
"1118","inactive metal","inactive metal"
"1119","ph reading","ph read"
"1120","reading stepped","read step"
"1121","steam outlet","steam outlet"
"1122","temp cv","temperature cv"
"1123","temp tag","temperature tag"
"1124","turb thrust","turbine thrust"
"1125","bearing tunnel","bearing tunnel"
"1126","bleed valve","bleed valve"
"1127","boiler water","boiler water"
"1128","compressor speed","compressor speed"
"1129","continues condition","continues condition"
"1130","cooler water","cooler water"
"1131","cv position","cv position"
"1132","desuperheater outlet","desuperheater outlet"
"1133","drum boiler","drum boiler"
"1134","gas dp","gas dp"
"1135","gb driver","gb driver"
"1136","ip hrsg","ip hrsg"
"1137","jacket inlet","jacket inlet"
"1138","load decreased","load decrease"
"1139","position decreased","position decrease"
"1140","residual thresholds","residual threshold"
"1141","seal filter","seal filter"
"1142","sh steam","sh steam"
"1143","st bearing","st bearing"
"1144","temp mt","temperature motor"
"1145","temperature increases","temperature increase"
"1146","vibration readings","vibration read"
"1147","vlv dmd","valve dmd"
"1148","adaptation combustion","adaptation combustion"
"1149","adaptation mech","adaptation mechanical"
"1150","axial displacement","axial displacement"
"1151","booster pump","booster pump"
"1152","combustion perf","combustion performance"
"1153","compressor bearing","compressor bearing"
"1154","de journal","de journal"
"1155","disch press","discharge pressure"
"1156","feedwater valve","feedwater valve"
"1157","fw cv","fw cv"
"1158","hp blowdown","hp blowdown"
"1159","hrsg gas","hrsg gas"
"1160","intercooler coolant","intercooler coolant"
"1161","lo pressure","lo pressure"
"1162","lo temperature","lo temperature"
"1163","lp condenser","lp condensate"
"1164","mech model","mechanical model"
"1165","model hp","model hp"
"1166","motor de","motor de"
"1167","power turbine","power turbine"
"1168","pump axial","pump axial"
"1169","reading nans","read nan"
"1170","seal dp","seal dp"
"1171","seal pressure","seal pressure"
"1172","sensor repaired","sensor repair"
"1173","siemens tower","siemens tower"
"1174","temp increase","temperature increase"
"1175","temperature spiked","temperature spike"
"1176","thrust positions","thrust position"
"1177","turb lo","turbine lo"
"1178","unit restarted","unit restart"
"1179","valve diff","valve difference"
"1180","wheelspace temperature","wheelspace temperature"
"1181","adaptation wheelspace","adaptation wheelspace"
"1182","axial positions","axial position"
"1183","brg fr","bearing fr"
"1184","compressor efficiency","compressor efficiency"
"1185","cp nde","cp nde"
"1186","current reading","current read"
"1187","desup spray","desuperheater spray"
"1188","drum wtr","drum water"
"1189","duct firing","duct firing"
"1190","fan vibrations","fan vibration"
"1191","flatlined data","flatline data"
"1192","fw htr","fw htr"
"1193","gas turbine","gas turbine"
"1194","gg velocity","gg velocity"
"1195","gt load","gt load"
"1196","inlet duct","inlet duct"
"1197","inlet steam","inlet steam"
"1198","low alarm","low alarm"
"1199","motor outboard","motor outboard"
"1200","motor temp","motor temperature"
"1201","ph decreased","ph decrease"
"1202","pi pv","pi pv"
"1203","press range","pressure range"
"1204","pressure spiked","pressure spike"
"1205","pressure tag","pressure tag"
"1206","shaft radial","shaft radial"
"1207","shaft vibration","shaft vibration"
"1208","temperature continues","temperature continues"
"1209","temperature increase","temperature increase"
"1210","tracking accurately","track accurately"
"1211","turbine generator","turbine generator"
"1212","turbo expander","turbo expander"
"1213","valve servo","valve servo"
"1214","vibrations spiked","vibration spike"
"1215","acoustic sensor","acoustic sensor"
"1216","ah air","ah air"
"1217","axial pos","axial position"
"1218","current phase","current phase"
"1219","dp decreased","dp decrease"
"1220","driver thrust","driver thrust"
"1221","engine oil","engine oil"
"1222","erratic reading","erratic read"
"1223","feedwater flow","feedwater flow"
"1224","generator nde","generator nde"
"1225","hp desup","hp desuperheater"
"1226","hp feedwater","hp feedwater"
"1227","hp vib","hp vibration"
"1228","hydrogen gas","hydrogen gas"
"1229","intermittently reading","intermittent read"
"1230","motor vibrations","motor vibration"
"1231","mtl temps","metal temperature"
"1232","reading values","read values"
"1233","sat sh","sat sh"
"1234","spray water","spray water"
"1235","spread cv","spread cv"
"1236","st load","st load"
"1237","stack inlet","stack inlet"
"1238","temperature reading","temperature read"
"1239","valve positions","valve position"
"1240","vibration stepped","vibration step"
"1241","vibrations trending","vibration trend"
"1242","wind turbines","wind turbine"
"1243","air heater","air heater"
"1244","alias hrsg","alias hrsg"
"1245","alternator bearing","alternator bearing"
"1246","bearing inactive","bearing inactive"
"1247","bfp discharge","bfp discharge"
"1248","combustion monitor","combustion monitor"
"1249","cooler discharge","cooler discharge"
"1250","desup outlet","desuperheater outlet"
"1251","driver load","driver load"
"1252","fan motor","fan motor"
"1253","gas differential","gas differential"
"1254","gas valve","gas valve"
"1255","gen lo","generator lo"
"1256","gt nox","gt nox"
"1257","hp discharge","hp discharge"
"1258","hp superheater","hp superheater"
"1259","igv position","igv position"
"1260","inho inho","inho inho"
"1261","inlet temps","inlet temperature"
"1262","mech alias","mechanical alias"
"1263","model combustion","model combustion"
"1264","ph sample","ph sample"
"1265","pressure transmitter","pressure transmitter"
"1266","pump motor","pump motor"
"1267","pump seal","pump seal"
"1268","pump speed","pump speed"
"1269","rd stg","rd stage"
"1270","rh dsh","rh dsh"
"1271","rotor speed","rotor speed"
"1272","shaft vibrations","shaft vibration"
"1273","superheater outlet","superheater outlet"
"1274","temp gen","temperature generator"
"1275","temp increasing","temperature increase"
"1276","temp wheelspace","temperature wheelspace"
"1277","thrust axial","thrust axial"
"1278","trained faulted","train faulted"
"1279","trend upward","trend upward"
"1280","tunnel temperature","tunnel temperature"
"1281","vibration brg","vibration bearing"
"1282","vibration spiked","vibration spike"
"1283","vibration spikes","vibration spike"
"1284","wheelspace performance","wheelspace performance"
"1285","alarm monitoring","alarm monitor"
"1286","alias exhaust","alias exhaust"
"1287","bank cylinder","bank cylinder"
"1288","bearing vibe","bearing vibe"
"1289","brg vibrations","bearing vibration"
"1290","chiller cooling","chiller cooling"
"1291","condensate sodium","condensate sodium"
"1292","cooler fan","cooler fan"
"1293","coupling casing","coupling casing"
"1294","cp de","cp de"
"1295","drum silica","drum silica"
"1296","drum steam","drum steam"
"1297","flow dropped","flow dropped"
"1298","flow stepped","flow step"
"1299","gen temp","generator temperature"
"1300","gt exhaust","gt exhaust"
"1301","hp sat","hp sat"
"1302","hpt cv","hpt cv"
"1303","intercooler outlet","intercooler outlet"
"1304","lo filter","lo filter"
"1305","load increase","load increase"
"1306","lp fw","lp fw"
"1307","mechanical model","mechanical model"
"1308","motor inboard","motor inboard"
"1309","outboard vib","outboard vibration"
"1310","pump outboard","pump outboard"
"1311","seal vent","seal vent"
"1312","sensor turb","sensor turbine"
"1313","steam spec","steam spec"
"1314","suction scrubber","suction scrubber"
"1315","temp cold","temperature cold"
"1316","temp differential","temperature differential"
"1317","temp sensor","temperature sensor"
"1318","temperature issues","temperature issue"
"1319","temperature stepped","temperature step"
"1320","temperature tracks","temperature track"
"1321","th startup","th startup"
"1322","tia pv","tia pv"
"1323","valve command","valve command"
"1324","vent flow","vent flow"
"1325","vib seis","vibration seismic"
"1326","adapted data","adaptation data"
"1327","average exhaust","average exhaust"
"1328","axial shaft","axial shaft"
"1329","bfp recirc","bfp recirc"
"1330","brg drain","bearing drain"
"1331","charge air","charge air"
"1332","cleared geip","cleared geip"
"1333","condenser pressure","condensate pressure"
"1334","consistently reading","consistently read"
"1335","consistently trending","consistently trend"
"1336","cooler temp","cooler temperature"
"1337","ctrl valve","control valve"
"1338","current conditions","current condition"
"1339","discharge pressures","discharge pressure"
"1340","drum differential","drum differential"
"1341","engine speed","engine speed"
"1342","exhaust duct","exhaust duct"
"1343","fr tt","fr tt"
"1344","fuel temperature","fuel temperature"
"1345","generator drive","generator drive"
"1346","heater drain","heater drain"
"1347","inbrd brg","inbrd bearing"
"1348","load dropped","load dropped"
"1349","low values","low values"
"1350","lp superheater","lp superheater"
"1351","mtr outboard","motor outboard"
"1352","pmp mtr","pump motor"
"1353","position shifted","position shifted"
"1354","posted itl","post itl"
"1355","pressure reading","pressure read"
"1356","pump disch","pump discharge"
"1357","read erratic","read erratic"
"1358","reporting data","reporting data"
"1359","sat steam","sat steam"
"1360","seal flow","seal flow"
"1361","stm temp","stm temperature"
"1362","suction discharge","suction discharge"
"1363","suction drum","suction drum"
"1364","tag flatlined","tag flatline"
"1365","temps track","temperature track"
"1366","turb ob","turbine ob"
"1367","unit lower","unit lower"
"1368","vibration issues","vibration issue"
"1369","vibration sensors","vibration sensor"
"1370","vibration transducer","vibration transducer"
"1371","vibrations stepped","vibration step"
"1372","water inlet","water inlet"
"1373","wheel motor","wheel motor"
"1374","alias wheel","alias wheel"
"1375","ao temperature","ao temperature"
"1376","bearing vibs","bearing vibration"
"1377","casing vibrations","casing vibration"
"1378","circ wtr","circ water"
"1379","conditions persist","condition persist"
"1380","control oil","control oil"
"1381","core monitor","core monitor"
"1382","current readings","current read"
"1383","current spread","current spread"
"1384","cv diff","cv difference"
"1385","data feed","data feed"
"1386","decreased bearing","decrease bearing"
"1387","discharge temps","discharge temperature"
"1388","dissolved oxygen","dissolved oxygen"
"1389","economizer outlet","economizer outlet"
"1390","engine charge","engine charge"
"1391","exhaust bearing","exhaust bearing"
"1392","exhibited erratic","exhibited erratic"
"1393","flow tag","flow tag"
"1394","gas concentration","gas concentration"
"1395","hp spray","hp spray"
"1396","inactive temp","inactive temperature"
"1397","inlet pressures","inlet pressure"
"1398","ip feedwater","ip feedwater"
"1399","ip rh","ip rh"
"1400","ip stm","ip stm"
"1401","load run","load run"
"1402","lp htr","lp htr"
"1403","lp turb","lp turbine"
"1404","mill current","mill current"
"1405","model bearing","model bearing"
"1406","model ip","model ip"
"1407","model lp","model lp"
"1408","motor vibration","motor vibration"
"1409","nde buffer","nde buffer"
"1410","nde inner","nde inner"
"1411","nde journal","nde journal"
"1412","notification bp","notification bp"
"1413","oil inlet","oil inlet"
"1414","op cond","op cond"
"1415","outlet steam","outlet steam"
"1416","pi data","pi data"
"1417","pos range","position range"
"1418","predicted issue","predicted issue"
"1419","press decreased","pressure decrease"
"1420","pressure continues","pressure continues"
"1421","radial vibrations","radial vibration"
"1422","rotor vib","rotor vibration"
"1423","rr notification","rr notification"
"1424","seal drain","seal drain"
"1425","shaft de","shaft de"
"1426","shaft nde","shaft nde"
"1427","start model","start model"
"1428","temp cyl","temperature cylinder"
"1429","temp decreases","temperature decrease"
"1430","temp tia","temperature tia"
"1431","temp tracking","temperature track"
"1432","turbine inlet","turbine inlet"
"1433","vib shaft","vibration shaft"
"1434","vibrations decreased","vibration decrease"
"1435","vibrations tracking","vibration track"
"1436","air collector","air collector"
"1437","ao temps","ao temperature"
"1438","asset performance","asset performance"
"1439","attemp outlet","attemperator outlet"
"1440","bfp disch","bfp discharge"
"1441","cep motor","cep motor"
"1442","chip detectors","chip detector"
"1443","compressor flow","compressor flow"
"1444","compressor mechanical","compressor mechanical"
"1445","condensate dissolved","condensate dissolved"
"1446","de temp","de temperature"
"1447","drum temp","drum temperature"
"1448","exciter bearing","exciter bearing"
"1449","exhaust press","exhaust pressure"
"1450","flow reading","flow read"
"1451","fw inlet","fw inlet"
"1452","fw lcv","fw lcv"
"1453","gas discharge","gas discharge"
"1454","generator journal","generator journal"
"1455","hp desuperheater","hp desuperheater"
"1456","hrsg rh","hrsg rh"
"1457","interstage temperature","interstage temperature"
"1458","low pressure","low pressure"
"1459","lp compressor","lp compressor"
"1460","lp econ","lp econ"
"1461","lp heater","lp heater"
"1462","lp separator","lp separator"
"1463","lp vib","lp vibration"
"1464","magnetic bearing","magnetic bearing"
"1465","mtr ob","motor ob"
"1466","nde temp","nde temperature"
"1467","nde vib","nde vibration"
"1468","packing dp","packing dp"
"1469","ph hp","ph hp"
"1470","phase winding","phase wind"
"1471","pi read","pi read"
"1472","pmp de","pump de"
"1473","position spiked","position spike"
"1474","position tag","position tag"
"1475","position tags","position tag"
"1476","pressure control","pressure control"
"1477","pump vibrations","pump vibration"
"1478","read pi","read pi"
"1479","reading correctly","read correct"
"1480","rear gear","rear gear"
"1481","remained flatlined","remained flatline"
"1482","sp htr","sp htr"
"1483","srv valve","srv valve"
"1484","steam model","steam model"
"1485","stg brg","stage bearing"
"1486","stm spec","stm spec"
"1487","tag dates","tag dates"
"1488","temp control","temperature control"
"1489","temp hot","temperature hot"
"1490","temp tracked","temperature track"
"1491","temp trending","temperature trend"
"1492","vent pressure","vent pressure"
"1493","wtr spec","water spec"
"1494","air differential","air differential"
"1495","bearing journal","bearing journal"
"1496","brg vert","bearing vertical"
"1497","cooler inlet","cooler inlet"
"1498","cylinder bank","cylinder bank"
"1499","discharge dp","discharge dp"
"1500","drum cat","drum cat"
"1501","drum lvl","drum level"
"1502","electrical alias","electrical alias"
"1503","erratically ranging","erratic range"
"1504","fan speed","fan speed"
"1505","fi pv","fi pv"
"1506","flatline data","flatline data"
"1507","flow remained","flow remained"
"1508","fuel liquid","fuel liquid"
"1509","fuel temp","fuel temperature"
"1510","fw conductivity","fw conductivity"
"1511","gas generator","gas generator"
"1512","gas temps","gas temperature"
"1513","gen rotor","generator rotor"
"1514","gen turb","generator turbine"
"1515","gen winding","generator wind"
"1516","hottest rtd","hottest rtd"
"1517","hrsg fwpb","hrsg fwpb"
"1518","inboard vibration","inboard vibration"
"1519","increasing reaching","increase reaches"
"1520","ip sat","ip sat"
"1521","jacket water","jacket water"
"1522","load ramp","load ramp"
"1523","lp cooling","lp cooling"
"1524","lp economizer","lp economizer"
"1525","mill mtr","mill motor"
"1526","model projected","model projected"
"1527","motor temperature","motor temperature"
"1528","mt ssc","motor ssc"
"1529","nde generator","nde generator"
"1530","ongoing issue","ongoing issue"
"1531","outer leak","outer leak"
"1532","position demand","position demand"
"1533","press cv","pressure cv"
"1534","press xmtr","pressure xmtr"
"1535","pressure transducer","pressure transducer"
"1536","read values","read values"
"1537","reading consistently","read consistently"
"1538","short run","short run"
"1539","slight increase","slight increase"
"1540","slowly decreasing","slowly decrease"
"1541","st ctrl","st control"
"1542","steam conductivity","steam conductivity"
"1543","steam press","steam pressure"
"1544","stm drum","stm drum"
"1545","stm flow","stm flow"
"1546","suction water","suction water"
"1547","tag ims","tag ims"
"1548","temperature remained","temperature remained"
"1549","temperature tia","temperature tia"
"1550","temperature tracking","temperature track"
"1551","tracking poorly","track poor"
"1552","trending downward","trend downward"
"1553","trip occured","trip occured"
"1554","turbine cooling","turbine cooling"
"1555","unit load","unit load"
"1556","vert shaft","vertical shaft"
"1557","vibration spike","vibration spike"
"1558","water cv","water cv"
"1559","xq hrsg","xq hrsg"
"1560","adapted faulted","adaptation faulted"
"1561","agb chip","agb chip"
"1562","air compressor","air compressor"
"1563","alias ip","alias ip"
"1564","alias thrust","alias thrust"
"1565","barrel temp","barrel temperature"
"1566","bfp thrust","bfp thrust"
"1567","bp castellon","bp castellon"
"1568","brg vibs","bearing vibration"
"1569","cep mtr","cep motor"
"1570","combustion exhaust","combustion exhaust"
"1571","compressor interstage","compressor interstage"
"1572","compressor shaft","compressor shaft"
"1573","cond pmp","cond pump"
"1574","data model","data model"
"1575","data range","data range"
"1576","de vibration","de vibration"
"1577","demand position","demand position"
"1578","disch temp","discharge temperature"
"1579","dp continues","dp continues"
"1580","drum cv","drum cv"
"1581","elevated vibrations","elevated vibration"
"1582","erratically dropping","erratic dropped"
"1583","erratically spiking","erratic spike"
"1584","fan bearing","fan bearing"
"1585","fi cp","fi cp"
"1586","fo temperature","fo temperature"
"1587","fwpa pmp","fwpa pump"
"1588","gas mass","gas mass"
"1589","gt turbine","gt turbine"
"1590","gtdl vib","gtdl vibration"
"1591","hp compressor","hp compressor"
"1592","hydraulic control","hydraulic control"
"1593","hydrogen pressure","hydrogen pressure"
"1594","inactive mtl","inactive metal"
"1595","inlet valve","inlet valve"
"1596","inner barrel","inner barrel"
"1597","intensity detector","intensity detector"
"1598","intermittently dropping","intermittent dropped"
"1599","ip attemp","ip attemperator"
"1600","ip boiler","ip boiler"
"1601","ip desup","ip desuperheater"
"1602","ip economizer","ip economizer"
"1603","journal vibration","journal vibration"
"1604","lp sat","lp sat"
"1605","model cooling","model cooling"
"1606","model turbine","model turbine"
"1607","motor speed","motor speed"
"1608","mtr temp","motor temperature"
"1609","nde outer","nde outer"
"1610","oil pump","oil pump"
"1611","peak pressure","peak pressure"
"1612","pmp nde","pump nde"
"1613","position reading","position read"
"1614","purity decreased","purity decrease"
"1615","reliable data","reliable data"
"1616","residual threshold","residual threshold"
"1617","rh inlet","rh inlet"
"1618","rot vib","rot vibration"
"1619","rotor cooling","rotor cooling"
"1620","shaft bearing","shaft bearing"
"1621","shaft position","shaft position"
"1622","st brg","st bearing"
"1623","st generator","st generator"
"1624","teg duct","teg duct"
"1625","temp phase","temperature phase"
"1626","temp reading","temperature read"
"1627","temp tc","temperature thermocouple"
"1628","temp thrust","temperature thrust"
"1629","temp turbine","temperature turbine"
"1630","temperature core","temperature core"
"1631","temperature flatlined","temperature flatline"
"1632","temps tracking","temperature track"
"1633","track low","track low"
"1634","turbine inner","turbine inner"
"1635","upward trend","upward trend"
"1636","versus model","versus model"
"1637","vert vib","vertical vibration"
"1638","vert vibration","vertical vibration"
"1639","vertical vibrations","vertical vibration"
"1640","vib prox","vibration prox"
"1641","vibration bdm","vibration bdm"
"1642","vibration probes","vibration probe"
"1643","vlv diff","valve difference"
"1644","waterbox lp","waterbox lp"
"1645","wheelspace fi","wheelspace fi"
"1646","xq gen","xq generator"
"1647","bearing metal temp","bearing metal temperature"
"1648","brg mtl temp","bearing metal temperature"
"1649","bearing metal temperature","bearing metal temperature"
"1650","gen bearing temp","generator bearing temperature"
"1651","thrust bearing temperature","thrust bearing temperature"
"1652","generator bearing temperature","generator bearing temperature"
"1653","fuel delivery pressure","fuel delivery pressure"
"1654","thrust bearing temp","thrust bearing temperature"
"1655","inactive thrust bearing","inactive thrust bearing"
"1656","model performance tag","model performance tag"
"1657","lube oil pressure","lube oil pressure"
"1658","inlet bleed heat","inlet bleed heat"
"1659","issue persists issue","issue persist issue"
"1660","lube oil temperature","lube oil temperature"
"1661","control valve position","control valve position"
"1662","persists issue persists","persist issue persist"
"1663","oil filter dp","oil filter dp"
"1664","seal outlet flow","seal outlet flow"
"1665","brg metal temp","bearing metal temperature"
"1666","fuel gas flow","fuel gas flow"
"1667","lube oil filter","lube oil filter"
"1668","hp drum ph","hp drum ph"
"1669","motor stator temp","motor stator temperature"
"1670","lube oil cooler","lube oil cooler"
"1671","bleed heat valve","bleed heat valve"
"1672","rotor fan dp","rotor fan dp"
"1673","bearing oil drain","bearing oil drain"
"1674","gas control valve","gas control valve"
"1675","oil drain temp","oil drain temperature"
"1676","rear gen bearing","rear generator bearing"
"1677","compressor inlet pressure","compressor inlet pressure"
"1678","ib brg temp","ib bearing temperature"
"1679","bearing axial position","bearing axial position"
"1680","model mechanical tag","model mechanical tag"
"1681","rear strut pressure","rear strut pressure"
"1682","bearing temperature nde","bearing temperature nde"
"1683","hp drum fw","hp drum fw"
"1684","nde bearing temperature","nde bearing temperature"
"1685","ob brg temp","ob bearing temperature"
"1686","ob bearing temp","ob bearing temperature"
"1687","thrust bearing axial","thrust bearing axial"
"1688","fuel gas control","fuel gas control"
"1689","bearing metal temps","bearing metal temperature"
"1690","prefilter fuel pressure","prefilter fuel pressure"
"1691","de bearing temperature","de bearing temperature"
"1692","ip drum fw","ip drum fw"
"1693","nde seal outlet","nde seal outlet"
"1694","thrust brg temp","thrust bearing temperature"
"1695","ib bearing temp","ib bearing temperature"
"1696","duct burner spread","duct burner spread"
"1697","hrsg inlet gas","hrsg inlet gas"
"1698","de seal outlet","de seal outlet"
"1699","generator bearing metal","generator bearing metal"
"1700","generator bearing temp","generator bearing temperature"
"1701","lo temp bearing","lo temperature bearing"
"1702","gas outlet temp","gas outlet temperature"
"1703","ip drum ph","ip drum ph"
"1704","lp steam flow","lp steam flow"
"1705","motor ib bearing","motor ib bearing"
"1706","turbine temperature wheelspace","turbine temperature wheelspace"
"1707","duct burner fuel","duct burner fuel"
"1708","oil drain temperature","oil drain temperature"
"1709","spray valve position","spray valve position"
"1710","ip fw flow","ip fw flow"
"1711","model performance alias","model performance alias"
"1712","motor ib brg","motor ib bearing"
"1713","thrust bearing metal","thrust bearing metal"
"1714","thrust bearing position","thrust bearing position"
"1715","heating control valve","heat control valve"
"1716","bearing drain temp","bearing drain temperature"
"1717","hp fw flow","hp fw flow"
"1718","brg oil drain","bearing oil drain"
"1719","inlet heating control","inlet heat control"
"1720","lube oil temp","lube oil temperature"
"1721","ob brg vib","ob bearing vibration"
"1722","pressure steam alias","pressure steam alias"
"1723","compressor outlet temp","compressor outlet temperature"
"1724","flow valve position","flow valve position"
"1725","journal bearing temperature","journal bearing temperature"
"1726","motor ob brg","motor ob bearing"
"1727","temp bearing drain","temperature bearing drain"
"1728","axial position sensor","axial position sensor"
"1729","burner fuel gas","burner fuel gas"
"1730","core fuel delivery","core fuel delivery"
"1731","delivery pressure core","delivery pressure core"
"1732","drum fw lvl","drum fw level"
"1733","ib brg vib","ib bearing vibration"
"1734","inlet gas press","inlet gas pressure"
"1735","motor ob bearing","motor ob bearing"
"1736","pressure core fuel","pressure core fuel"
"1737","suction strainer dp","suction strainer dp"
"1738","duct burner outlet","duct burner outlet"
"1739","fw lvl ctrl","fw level control"
"1740","gear bearing temp","gear bearing temperature"
"1741","pressure steam tag","pressure steam tag"
"1742","drum fw flow","drum fw flow"
"1743","fwp lube oil","fw pump lube oil"
"1744","gt vibration sensor","gt vibration sensor"
"1745","ip blowdown silica","ip blowdown silica"
"1746","pump ib brg","pump ib bearing"
"1747","rotor fan differential","rotor fan differential"
"1748","turbine bearing vibrations","turbine bearing vibration"
"1749","inlet filter dp","inlet filter dp"
"1750","lp drum fw","lp drum fw"
"1751","lube oil tank","lube oil tank"
"1752","lvl ctrl vlv","level control valve"
"1753","nde brg vib","nde bearing vibration"
"1754","pump ob bearing","pump ob bearing"
"1755","estimate rear gen","estimate rear generator"
"1756","hp steam drum","hp steam drum"
"1757","model estimate rear","model estimate rear"
"1758","bearing temperature de","bearing temperature de"
"1759","control valve demand","control valve demand"
"1760","cooler outlet temperature","cooler outlet temperature"
"1761","fw pmp axial","fw pump axial"
"1762","hp attemperator spray","hp attemperator spray"
"1763","hp sh dsh","hp sh dsh"
"1764","hrsg drum spec","hrsg drum spec"
"1765","pmp axial probe","pump axial probe"
"1766","air delta press","air delta pressure"
"1767","alias fuel gas","alias fuel gas"
"1768","heat valve differential","heat valve differential"
"1769","model perf alias","model performance alias"
"1770","oil cooler outlet","oil cooler outlet"
"1771","steam alias hp","steam alias hp"
"1772","condition persists condition","condition persist condition"
"1773","de brg vib","de bearing vibration"
"1774","filter diff press","filter difference pressure"
"1775","gearbox oil temp","gearbox oil temperature"
"1776","motor winding temp","motor wind temperature"
"1777","attemperator spray flow","attemperator spray flow"
"1778","drain valve position","drain valve position"
"1779","exhaust temperature spread","exhaust temperature spread"
"1780","filter differential pressure","filter differential pressure"
"1781","generator rotor fan","generator rotor fan"
"1782","gg exhaust temp","gg exhaust temperature"
"1783","model combustor performance","model combustor performance"
"1784","model compressor performance","model compressor performance"
"1785","nde bearing temp","nde bearing temperature"
"1786","persists condition persists","persist condition persist"
"1787","pump ob brg","pump ob bearing"
"1788","recirc valve position","recirc valve position"
"1789","turb exh temp","turbine exhaust temperature"
"1790","attemperator outlet temperature","attemperator outlet temperature"
"1791","condition continues condition","condition continues condition"
"1792","cooler water flow","cooler water flow"
"1793","drum boiler water","drum boiler water"
"1794","fw flow valve","fw flow valve"
"1795","hp drum conductivity","hp drum conductivity"
"1796","hpt control valve","hpt control valve"
"1797","lp drum ph","lp drum ph"
"1798","model perf tag","model performance tag"
"1799","motor stator temperature","motor stator temperature"
"1800","tracking pretty accurately","track pretty accurately"
"1801","turbine bearing tunnel","turbine bearing tunnel"
"1802","water injection flow","water injection flow"
"1803","air filter dp","air filter dp"
"1804","continues condition continues","continues condition continues"
"1805","control valve differential","control valve differential"
"1806","drum sp cond","drum sp cond"
"1807","dsh outlet temperature","dsh outlet temperature"
"1808","fuel gas pressure","fuel gas pressure"
"1809","gen bearing metal","generator bearing metal"
"1810","motor winding temperature","motor wind temperature"
"1811","oil cooler oil","oil cooler oil"
"1812","outlet temp range","outlet temperature range"
"1813","seal gas filter","seal gas filter"
"1814","water jacket inlet","water jacket inlet"
"1815","attemp spray valve","attemperator spray valve"
"1816","exh gas temp","exhaust gas temperature"
"1817","hot air damper","hot air damper"
"1818","hrsg outlet temp","hrsg outlet temperature"
"1819","motor nde brg","motor nde bearing"
"1820","temp ti pv","temperature ti pv"
"1821","turb lo temp","turbine lo temperature"
"1822","turbine exhaust pressure","turbine exhaust pressure"
"1823","turbine thrust bearing","turbine thrust bearing"
"1824","antisurge valve position","antisurge valve position"
"1825","attemperator spray valve","attemperator spray valve"
"1826","cooler oil outlet","cooler oil outlet"
"1827","de journal bearing","de journal bearing"
"1828","exhaust gas temp","exhaust gas temperature"
"1829","fan ib brg","fan ib bearing"
"1830","gas delta press","gas delta pressure"
"1831","gas filter dp","gas filter dp"
"1832","gas inlet pressure","gas inlet pressure"
"1833","generator de bearing","generator de bearing"
"1834","hrsg ip drum","hrsg ip drum"
"1835","inlet air filter","inlet air filter"
"1836","intercooler coolant pressure","intercooler coolant pressure"
"1837","low speed shaft","low speed shaft"
"1838","model mechanical alias","model mechanical alias"
"1839","mt cv range","motor cv range"
"1840","oil drain temps","oil drain temperature"
"1841","pump discharge pressure","pump discharge pressure"
"1842","pump ib bearing","pump ib bearing"
"1843","temp mt cv","temperature motor cv"
"1844","turb thrust brg","turbine thrust bearing"
"1845","ah gas delta","ah gas delta"
"1846","bearing tunnel temperature","bearing tunnel temperature"
"1847","compressor inlet temperature","compressor inlet temperature"
"1848","compressor performance tag","compressor performance tag"
"1849","gas differential pressure","gas differential pressure"
"1850","gear oil temp","gear oil temperature"
"1851","gen lo temp","generator lo temperature"
"1852","thrust bearing temps","thrust bearing temperature"
"1853","thrust brg axial","thrust bearing axial"
"1854","trained faulted data","train faulted data"
"1855","brg vib seis","bearing vibration seismic"
"1856","chiller cooling tower","chiller cooling tower"
"1857","condition cleared closing","condition cleared close"
"1858","de bearing temp","de bearing temperature"
"1859","de seal dp","de seal dp"
"1860","drum fw valve","drum fw valve"
"1861","fan differential pressure","fan differential pressure"
"1862","fuel gas temperature","fuel gas temperature"
"1863","hp attemp spray","hp attemperator spray"
"1864","hp drum sp","hp drum sp"
"1865","ip drum conductivity","ip drum conductivity"
"1866","ip steam flow","ip steam flow"
"1867","jacket inlet pressure","jacket inlet pressure"
"1868","model mech alias","model mechanical alias"
"1869","motor bearing temperature","motor bearing temperature"
"1870","ob bearing vibrations","ob bearing vibration"
"1871","rotor vibration brg","rotor vibration bearing"
"1872","sh dsh outlet","sh dsh outlet"
"1873","thrust bearing inactive","thrust bearing inactive"
"1874","burner outlet gas","burner outlet gas"
"1875","ctrl vlv dmd","control valve dmd"
"1876","delta temp cv","delta temperature cv"
"1877","drum ph sample","drum ph sample"
"1878","drum water ph","drum water ph"
"1879","exhaust steam temperature","exhaust steam temperature"
"1880","fuel gas inlet","fuel gas inlet"
"1881","gt bearing metal","gt bearing metal"
"1882","hp steam sodium","hp steam sodium"
"1883","hrsg hp drum","hrsg hp drum"
"1884","ib brg mtl","ib bearing metal"
"1885","ip attemperator spray","ip attemperator spray"
"1886","ip steam sodium","ip steam sodium"
"1887","journal bearing temp","journal bearing temperature"
"1888","lp drum press","lp drum pressure"
"1889","model model performance","model model performance"
"1890","motor current phase","motor current phase"
"1891","motor stator temps","motor stator temperature"
"1892","nde bearing vibrations","nde bearing vibration"
"1893","ob brg mtl","ob bearing metal"
"1894","oil outlet temp","oil outlet temperature"
"1895","outboard bearing temp","outboard bearing temperature"
"1896","outlet temp decreased","outlet temperature decrease"
"1897","recycle valve demand","recycle valve demand"
"1898","temp diff cv","temperature difference cv"
"1899","turbine outlet temp","turbine outlet temperature"
"1900","unit lower load","unit lower load"
"1901","air outlet temp","air outlet temperature"
"1902","bearing temp stepped","bearing temperature step"
"1903","bearing temp tracks","bearing temperature track"
"1904","bearing vibration sensor","bearing vibration sensor"
"1905","control valve pos","control valve position"
"1906","de bearing vibrations","de bearing vibration"
"1907","desup outlet temp","desuperheater outlet temperature"
"1908","driver thrust bearing","driver thrust bearing"
"1909","engine charge air","engine charge air"
"1910","exhaust temp spread","exhaust temperature spread"
"1911","gas inlet temp","gas inlet temperature"
"1912","gb driver thrust","gb driver thrust"
"1913","gt vibration transducer","gt vibration transducer"
"1914","hot gas temperature","hot gas temperature"
"1915","intercooler outlet temperature","intercooler outlet temperature"
"1916","ip drum water","ip drum water"
"1917","model wheelspace performance","model wheelspace performance"
"1918","nde journal bearing","nde journal bearing"
"1919","outlet gas spread","outlet gas spread"
"1920","outlet temp mt","outlet temperature motor"
"1921","phase current spread","phase current spread"
"1922","seal oil pressure","seal oil pressure"
"1923","turb ob brg","turbine ob bearing"
"1924","wheelspace ao temp","wheelspace ao temperature"
"1925","ah air outlet","ah air outlet"
"1926","alias compressor outlet","alias compressor outlet"
"1927","ambient air temp","ambient air temperature"
"1928","bearing temp decreased","bearing temperature decrease"
"1929","cylinder exhaust temp","cylinder exhaust temperature"
"1930","cylinder exhaust temperature","cylinder exhaust temperature"
"1931","drum fw lcv","drum fw lcv"
"1932","drum wtr spec","drum water spec"
"1933","exhaust duct pressure","exhaust duct pressure"
"1934","fan ib bearing","fan ib bearing"
"1935","fluid coupling casing","fluid coupling casing"
"1936","fw pmp mtr","fw pump motor"
"1937","gas temperature spread","gas temperature spread"
"1938","gearbox bearing temp","gearbox bearing temperature"
"1939","generator journal bearing","generator journal bearing"
"1940","generator nde bearing","generator nde bearing"
"1941","heat valve position","heat valve position"
"1942","hp drum boiler","hp drum boiler"
"1943","hp spray flow","hp spray flow"
"1944","inlet filter differential","inlet filter differential"
"1945","ip rh dsh","ip rh dsh"
"1946","motor outboard bearing","motor outboard bearing"
"1947","mtr ob brg","motor ob bearing"
"1948","nde bearing vibration","nde bearing vibration"
"1949","nde inner seal","nde inner seal"
"1950","performance alias exhaust","performance alias exhaust"
"1951","pi read pi","pi read pi"
"1952","read pi data","read pi data"
"1953","rear gear bearing","rear gear bearing"
"1954","rel vib shaft","rel vibration shaft"
"1955","rotor vib brg","rotor vibration bearing"
"1956","seal gas dp","seal gas dp"
"1957","spray valve pos","spray valve position"
"1958","steam cat cond","steam cat cond"
"1959","wtr spec conductivity","water spec conductivity"
"1960","air differential pressure","air differential pressure"
"1961","bfp recirc valve","bfp recirc valve"
"1962","bfp suction water","bfp suction water"
"1963","brg axial pos","bearing axial position"
"1964","brg drain temp","bearing drain temperature"
"1965","brg temp decreased","bearing temperature decrease"
"1966","combustor performance tag","combustor performance tag"
"1967","compressor discharge temperature","compressor discharge temperature"
"1968","condensate pump discharge","condensate pump discharge"
"1969","control valve diff","control valve difference"
"1970","cooling air differential","cooling air differential"
"1971","de brg mtl","de bearing metal"
"1972","desuperheater outlet temp","desuperheater outlet temperature"
"1973","fuel gas temp","fuel gas temperature"
"1974","gas discharge dp","gas discharge dp"
"1975","gearbox oil temperature","gearbox oil temperature"
"1976","gen winding temps","generator wind temperature"
"1977","generator bearing temps","generator bearing temperature"
"1978","hp drum differential","hp drum differential"
"1979","hp fw cv","hp fw cv"
"1980","hrsg stack temp","hrsg stack temperature"
"1981","lo filter dp","lo filter dp"
"1982","lp cooling air","lp cooling air"
"1983","mill mtr ob","mill motor ob"
"1984","model electrical alias","model electrical alias"
"1985","mtr outboard vib","motor outboard vibration"
"1986","nde seal inlet","nde seal inlet"
"1987","oil filter diff","oil filter difference"
"1988","oil filter pressure","oil filter pressure"
"1989","pmp mtr outboard","pump motor outboard"
"1990","pump axial position","pump axial position"
"1991","seal filter dp","seal filter dp"
"1992","seal outlet pressure","seal outlet pressure"
"1993","spray water cv","spray water cv"
"1994","st ctrl valve","st control valve"
"1995","stg suction temp","stage suction temperature"
"1996","valve servo current","valve servo current"
"1997","wheelspace rd stg","wheelspace rd stage"
"1998","agb chip detector","agb chip detector"
"1999","attemp outlet temp","attemperator outlet temperature"
"2000","bearing journal vibration","bearing journal vibration"
"2001","bearing temp avg","bearing temperature average"
"2002","boiler water ph","boiler water ph"
"2003","burner outlet temperature","burner outlet temperature"
"2004","cep mtr temp","cep motor temperature"
"2005","coal air temp","coal air temperature"
"2006","compressor discharge temp","compressor discharge temperature"
"2007","compressor inlet press","compressor inlet pressure"
"2008","cond pump disch","cond pump discharge"
"2009","cooler discharge temperature","cooler discharge temperature"
"2010","ctrl vlv pos","control valve position"
"2011","cw waterbox lp","cw waterbox lp"
"2012","de bearing vib","de bearing vibration"
"2013","drain valve pos","drain valve position"
"2014","drum cat cond","drum cat cond"
"2015","fan ob bearing","fan ob bearing"
"2016","flame intensity detector","flame intensity detector"
"2017","gas mass flow","gas mass flow"
"2018","generator bearing vibrations","generator bearing vibration"
"2019","gtdl vib sensor","gtdl vibration sensor"
"2020","hp attemp outlet","hp attemperator outlet"
"2021","hp drum water","hp drum water"
"2022","hp drum wtr","hp drum water"
"2023","hp ip blowdown","hp ip blowdown"
"2024","hrsg outlet temperature","hrsg outlet temperature"
"2025","hydraulic control oil","hydraulic control oil"
"2026","inactive metal temp","inactive metal temperature"
"2027","inlet gas spread","inlet gas spread"
"2028","inner barrel temp","inner barrel temperature"
"2029","ip desup spray","ip desuperheater spray"
"2030","ip steam outlet","ip steam outlet"
"2031","journal bearing metal","journal bearing metal"
"2032","journal bearing vibrations","journal bearing vibration"
"2033","lo cooler outlet","lo cooler outlet"
"2034","lp economizer outlet","lp economizer outlet"
"2035","lube oil press","lube oil pressure"
"2036","metal temp thrust","metal temperature thrust"
"2037","metal temp turbine","metal temperature turbine"
"2038","motor inboard bearing","motor inboard bearing"
"2039","nde buffer gas","nde buffer gas"
"2040","ob bearing vibration","ob bearing vibration"
"2041","outlet gas temperature","outlet gas temperature"
"2042","performance alias compressor","performance alias compressor"
"2043","pump thrust bearing","pump thrust bearing"
"2044","recycle valve position","recycle valve position"
"2045","seal gas flow","seal gas flow"
"2046","stator phase winding","stator phase wind"
"2047","stator temp phase","stator temperature phase"
"2048","steam flow decreased","steam flow decrease"
"2049","turbine bearing vibration","turbine bearing vibration"
"2050","turbine inner barrel","turbine inner barrel"
"2051","pump ib bearing temperature","pump ib bearing temperaturel"
"2052","nde seal outlet flow","nde seal outlet flow"
"2053","compressor outlet temperature range","compressor outlet temperature range"
"2054","exhaust gas port","exhaust gas port"
"2055","water jacket inlet pressure","water jacket inlet pressure"
"2056","lube oil filter dp","lube oil filter dp"
"2057","generator de bearing temperature","generator de bearing temperature"
"2058","generator bearing temperature nde","tgenerator bearing temperature nde"
"2059","generator bearing metal temperature","generator bearing metal temperature"
"2060","drive generator bearing temperature","drive generator bearing temperature"
"2061","lublind cooler temperature","lublind cooler temperature"
"2062","ip drum differential","ip drum differential"
"2063","thermal mechanical tag","thermal mechanical tag"
"2064","motor ob bearing temperature","motor ob bearing temperature"
"2065","hydrogen gas pressure","hydrogen gas pressure"
"2066","ip hrsg drum sample","ip hrsg drum sample"
"2067","fw pump axial probe","fw pump axial probe"
"2068","thrust bearing axial position","thrust bearing axial position"
"2069","bearing oil drain temperature","bearing oil drain temperature"
"2070","rear generator bearing temperature","rear generator bearing temperature"
"2071","fw pump motor outboard","fw pump motor outboard"
"2072","sh dsh outlet temperature","sh dsh outlet temperature"
"2073","stator coil vibration","stator coil vibration"
"2074","combustion monitor spread","combustion monitor spread"
"2075","rear gear bearing temperature","rear gear bearing temperature"
"2076","de seal outlet flow","de seal outlet flow"
"2077","duct burner fuel gas","duct burner fuel gas"
"2078","generator slipring bearing vibration","generator slipring bearing vibration"
"2079","power turbine position","power turbine position "
"2080","generator bearing temperature de","generator bearing temperature de"
"2081","port","port"
"2082","lublind","lublind"
"2081","thermal","thermal"
"2082","cndc","cndc"
"2081","coil","coil"
"2082","slipring","slipring"